Episode,Fault,Success,MTTD,MTTR,Messages
0,PacketDelay,True,2.8168261026992862,11.049449947567997,5
1,GatewayFailure,False,4.74743895168642,16.1339669301953,7
2,SensorNoise,False,0.9663284230944511,5.483783488617284,3
3,PacketDelay,True,2.9876443772876295,10.023662821151479,5
4,CommunicationLoss,True,3.868389360350504,12.983751161718894,6
5,SensorDrift,True,1.5895452840092603,7.043100167669302,4
6,SensorNoise,True,0.9275643557783008,4.941303126368061,3
7,CommunicationLoss,True,3.7340832938338853,12.812380802726542,6
8,SensorNoise,True,1.0012848720732361,4.895886264324109,3
9,AnalyticsFailure,True,5.995134634625073,17.731221026901416,8
10,AnalyticsFailure,True,6.375474073901896,17.369875541877768,8
11,PacketDelay,True,2.711786241006998,10.021862077521412,5
12,SensorNoise,True,1.0261183300566297,4.986187429783611,3
13,ActuatorFailure,True,4.926868253496587,15.56883947354234,7
14,SensorDrift,True,1.6561663477974964,6.848464329432214,4
15,SensorDrift,True,1.5475224538987649,6.632948445947422,4
16,PacketDelay,True,2.7010307947531653,9.328480029879906,5
17,GatewayFailure,True,4.756890749053847,15.82463859804036,7
18,ActuatorFailure,True,4.8030668703232955,18.383911613613954,7
19,SensorDrift,True,1.8390580146403124,6.408058569986651,4
20,AnalyticsFailure,True,6.237355491590547,19.623328310686347,8
21,CommunicationLoss,True,4.142047592033324,13.248847028547704,6
22,SensorDrift,True,1.66485490032392,6.445490104189723,4
23,AnalyticsFailure,True,5.691840445049014,18.573776723562567,8
24,ModelDrift,False,6.539454306630223,19.827350041361836,9
25,MissingData,True,2.110551728434179,8.113309431384632,3
26,PacketDelay,True,3.1306692367392785,9.833275900969165,5
27,SensorDrift,True,1.636393486415865,6.182173009254289,4
28,SensorNoise,True,1.0692154852581637,4.6065442990212855,3
29,GatewayFailure,True,4.753569825675329,15.97323652951262,7
30,PacketDelay,True,2.794234110722466,9.649237997046658,5
31,CommunicationLoss,False,3.630483462527138,12.879138457918543,6
32,SensorDrift,True,1.6447718565724128,7.158170450906195,4
33,SensorNoise,True,1.0656058210649018,5.344385972473081,3
34,PacketDelay,True,3.1134994810298866,9.898439383397266,5
35,SensorNoise,False,1.0294954510600607,4.777728728318493,3
36,AnalyticsFailure,True,6.53348501364703,20.410065983233288,8
37,SensorNoise,True,1.0891699726933708,4.665817019671886,3
38,InformationDelay,True,2.31974234104017,8.426937751704257,4
39,SensorNoise,True,1.0466631361783476,4.659327300498731,3
40,MissingData,True,2.005455860793117,7.582694778226294,3
41,SensorDrift,False,1.7468277211986232,7.390109060693281,4
42,SensorNoise,True,1.052494005765932,4.606046402206604,3
43,GatewayFailure,True,4.592101505183284,13.821182011664046,7
44,ModelDrift,True,6.848603819976537,19.529689229055805,9
45,MissingData,False,2.2090901073922518,7.543777009274337,3
46,CommunicationLoss,True,3.5796391333778765,13.816024553370479,6
47,AnalyticsFailure,True,5.641752910453075,19.147980350620635,8
48,SensorDrift,True,1.6505099742925942,7.201113411633515,4
49,AnalyticsFailure,True,6.496564375036752,18.546651568361433,8
50,CommunicationLoss,False,3.975885781815505,12.239935332866805,6
51,MissingData,True,1.9467621904077952,8.402262299083734,3
52,CommunicationLoss,True,3.4667386452967515,12.508459660165931,6
53,PacketDelay,True,2.960723034578476,10.478966074133504,5
54,PacketDelay,True,2.726698242890952,10.90447278086227,5
55,AnalyticsFailure,False,5.749212034220766,20.485211295103817,8
56,SensorDrift,True,1.8342290121285179,7.370047012998689,4
57,SensorDrift,True,1.836432806068359,7.061511288934007,4
58,ActuatorFailure,True,4.86651695376257,18.442141506469127,7
59,ActuatorFailure,True,4.875980474034681,17.1463043743069,7
60,CommunicationLoss,True,3.5797061949633524,13.643590380265833,6
61,ModelDrift,False,6.401735036957033,18.948301570036993,9
62,AnalyticsFailure,True,6.331873841464313,20.303992276547447,8
63,SensorDrift,True,1.7217457878720799,6.890706451051867,4
64,CommunicationLoss,True,3.9604317488956617,12.853434199064308,6
65,CommunicationLoss,True,4.00840505575435,13.490770117347083,6
66,SensorDrift,True,1.5566654149462997,7.133820923306643,4
67,ModelDrift,True,6.252852670806944,19.307147537930256,9
68,SensorNoise,True,1.041454423612931,5.216142538293865,3
69,ModelDrift,True,7.437731916994115,19.691616719669646,9
70,SensorDrift,True,1.7964063672533572,6.732748264873182,4
71,AnalyticsFailure,True,6.0131148926910765,18.234096965008316,8
72,SensorDrift,True,1.7291975412117577,6.636898890409946,4
73,InformationDelay,True,2.4456435351595887,8.875861091043896,4
74,SensorNoise,True,0.9726662943025014,4.977599992945125,3
75,ActuatorFailure,True,4.747362428415182,16.624714716350333,7
76,GatewayFailure,True,4.2930716008309835,16.655458295667906,7
77,ActuatorFailure,True,5.366573421024992,15.647586807985036,7
78,CommunicationLoss,True,3.77219932972167,12.895311832164133,6
79,SensorDrift,True,1.5651195952961523,6.241881625066127,4
80,SensorDrift,True,1.732954348797611,7.186836664983819,4
81,CommunicationLoss,True,3.451940570386225,12.530215677908725,6
82,CommunicationLoss,False,3.9970055406866156,12.901818191694314,6
83,SensorDrift,True,1.6125324569230268,6.8287021618383585,4
84,SensorNoise,True,0.9525783560300125,4.86429734280075,3
85,ModelDrift,True,6.318471356079305,19.04220619509726,9
86,CommunicationLoss,True,3.671810474249996,13.47079989162199,6
87,PacketDelay,True,3.2393122659006797,10.65063488300941,5
88,CommunicationLoss,True,3.914251625907379,12.642547163909521,6
89,SensorNoise,True,0.9193805433627963,4.993605817994934,3
90,AnalyticsFailure,True,5.807069047814988,20.054621681515023,8
91,SensorDrift,True,1.6764095151220386,7.2400079265902315,4
92,MissingData,True,2.1651169906024106,7.344665985559058,3
93,CommunicationLoss,True,3.974398606074239,12.696474843108412,6
94,PacketDelay,True,2.914452551613685,9.83104083623405,5
95,SensorDrift,True,1.7451868370692618,7.436157796257704,4
96,AnalyticsFailure,True,5.742804622557058,17.878322547776172,8
97,SensorNoise,True,0.9924631696286285,5.5407084956402155,3
98,CommunicationLoss,True,4.20540766818379,11.933814392152184,6
99,CommunicationLoss,False,3.4630908231366315,13.329394077711827,6
100,CommunicationLoss,False,3.6028810232163817,13.509098078630078,6
101,CommunicationLoss,True,3.495406384032284,13.636859221599439,6
102,SensorDrift,True,1.7588124018144837,6.309283606867022,4
103,ActuatorFailure,True,4.847735318629714,15.824086997149912,7
104,SensorDrift,True,1.6581768781330297,6.730730740333742,4
105,CommunicationLoss,False,3.887916674700498,12.837636873065401,6
106,InformationDelay,True,2.738513199484136,9.197222294633214,4
107,MissingData,True,2.3240819173142317,7.958500459195057,3
108,SensorNoise,True,1.0391392684443952,5.522689273705196,3
109,SensorNoise,True,0.9686391176443603,5.267987764940478,3
110,SensorDrift,True,1.7383104867865211,6.885979597402417,4
111,SensorNoise,True,1.0499356956297312,5.576147356239979,3
112,CommunicationLoss,True,4.051616764286893,11.745158606595522,6
113,GatewayFailure,True,4.415071009378749,16.055370264556416,7
114,SensorDrift,True,1.7638058989910785,6.420603161202809,4
115,CommunicationLoss,True,3.796743354542865,13.207866493246737,6
116,SensorDrift,True,1.5812532770431704,7.476875706563929,4
117,ModelDrift,True,6.5217878199050325,22.115833982257914,9
118,CommunicationLoss,True,4.078458074700961,13.336884343708096,6
119,CommunicationLoss,True,3.704946010845374,13.47488849369818,6
120,CommunicationLoss,True,3.70894972692627,11.723938729370557,6
121,PacketDelay,True,2.946706079987818,9.317035653684577,5
122,PacketDelay,True,3.1004134989043752,9.22607363501435,5
123,InformationDelay,False,2.3507749677102345,9.91109373515354,4
124,PacketDelay,True,3.1180912433946744,10.232627559869622,5
125,SensorNoise,True,0.9855218897328466,5.024896771294116,3
126,SensorDrift,True,1.8012369680234503,6.976474033675003,4
127,CommunicationLoss,True,3.945340552036337,12.48373506422669,6
128,SensorDrift,True,1.8302531073025639,6.731422015468748,4
129,SensorDrift,True,1.5315130147308864,6.412122702895604,4
130,CommunicationLoss,True,3.9808762036538,13.504820529815092,6
131,InformationDelay,True,2.7027462020122215,9.418982449767105,4
132,ModelDrift,True,6.388021014200662,18.824936280477058,9
133,SensorNoise,True,1.017854731676384,5.575234727948091,3
134,AnalyticsFailure,True,5.817480720486172,18.298114581371827,8
135,PacketDelay,True,2.8869310300281876,10.11403559580013,5
136,PacketDelay,False,3.078285373077267,10.813251301696804,5
137,InformationDelay,True,2.595985866138514,9.671845852810758,4
138,InformationDelay,True,2.416672090483783,8.633694450425306,4
139,SensorNoise,True,0.9468371428266784,4.986232534696191,3
140,GatewayFailure,True,4.744943651957578,15.06449867314403,7
141,SensorNoise,False,1.0276253710795964,5.527544216648976,3
142,GatewayFailure,True,4.369474540008927,14.28060850291181,7
143,PacketDelay,True,2.7888236550776297,10.897649836838559,5
144,CommunicationLoss,True,4.1046245066051545,13.902196973744317,6
145,InformationDelay,True,2.394515530733467,9.132975608873071,4
146,SensorDrift,True,1.7520437186083926,6.67642271378031,4
147,AnalyticsFailure,True,6.200069423686499,18.490005518106642,8
148,SensorDrift,True,1.7222352517432915,7.2023980098593015,4
149,PacketDelay,True,2.696953576680552,9.638680569952141,5
150,SensorDrift,True,1.795451667126188,6.88928462721277,4
151,CommunicationLoss,True,3.821414707418833,12.777555249547126,6
152,CommunicationLoss,False,3.647435015685569,12.859920764337266,6
153,SensorDrift,True,1.7142947488999942,7.14922928971492,4
154,CommunicationLoss,True,3.7801454334926623,12.032281934275689,6
155,CommunicationLoss,True,4.0055313536897605,13.141862841069186,6
156,CommunicationLoss,True,4.111729532401816,11.557187508395444,6
157,MissingData,False,2.278934840836448,7.018083999170191,3
158,ModelDrift,True,6.2796449960385194,21.67250676338926,9
159,PacketDelay,False,3.1163797242925666,10.585832517707995,5
160,MissingData,True,2.1718612661132775,7.540095603718995,3
161,ActuatorFailure,False,5.390546296169997,18.066001542684475,7
162,InformationDelay,True,2.585737915850549,9.41036509108267,4
163,ModelDrift,True,6.348993215860195,22.354320638124193,9
164,ModelDrift,True,6.898920388546486,22.245781169389996,9
165,SensorDrift,True,1.8360527981144321,7.228646031986969,4
166,AnalyticsFailure,True,6.247612022422048,18.369369874419235,8
167,AnalyticsFailure,True,5.685015007345279,19.283052076656833,8
168,SensorNoise,True,0.9450689346710902,4.739168312293461,3
169,MissingData,True,2.0177107645096353,8.175640154664508,3
170,ModelDrift,True,6.313353420982501,20.9402000884441,9
171,SensorDrift,True,1.6575585914677171,6.222702131731315,4
172,MissingData,True,2.239275799800197,7.501361683151786,3
173,SensorNoise,True,1.0597195376084192,5.484863703969513,3
174,MissingData,False,2.119918904186025,7.775391983343541,3
175,ModelDrift,False,7.272147563371843,18.740017965005354,9
176,MissingData,True,2.1823072318528673,7.951852136016495,3
177,PacketDelay,False,3.1509283663554686,9.991340371104874,5
178,InformationDelay,True,2.7156723002943717,9.340116951928763,4
179,ModelDrift,True,6.5056865833651045,20.593026984616884,9
180,SensorDrift,False,1.8198236759380617,7.192092968728288,4
181,SensorDrift,True,1.7891663676236507,6.182482378895742,4
182,MissingData,False,2.268098426016586,6.909910469130299,3
183,CommunicationLoss,False,3.5633573889552332,12.639121246723262,6
184,MissingData,False,2.0943147028683518,8.40841192516346,3
185,SensorNoise,True,1.0979581438645678,4.897902814463951,3
186,SensorDrift,True,1.8280423126605647,6.246942378954885,4
187,MissingData,True,1.947528725549829,7.901698481461512,3
188,InformationDelay,True,2.321411510274814,9.584879992688464,4
189,PacketDelay,True,3.1268631334551844,10.055631119140907,5
190,GatewayFailure,True,4.296496738910792,14.423068801455411,7
191,CommunicationLoss,True,3.8966648150834144,12.799582849323421,6
192,MissingData,True,1.91592659183315,7.410668449552184,3
193,CommunicationLoss,True,4.100660324082301,13.244779052861384,6
194,CommunicationLoss,True,3.617644353606168,11.70279425653403,6
195,PacketDelay,True,2.7389049122590134,9.92982584683014,5
196,PacketDelay,False,2.905219024682112,10.839270564440206,5
197,CommunicationLoss,True,3.9333057536154925,13.201699548693561,6
198,MissingData,True,2.1518987661495936,7.8187884360889415,3
199,CommunicationLoss,True,3.7111586049024794,12.018291401129991,6
200,CommunicationLoss,True,4.146219005360887,13.045993832131801,6
201,PacketDelay,True,2.8067605833454388,11.009049609042323,5
202,AnalyticsFailure,True,5.5015570947646575,19.56023421687096,8
203,PacketDelay,True,2.932986301199568,10.793796388844054,5
204,CommunicationLoss,True,3.9356347346637413,12.107825919323872,6
205,SensorDrift,False,1.7752010772122568,6.507492301608613,4
206,PacketDelay,False,2.6934605216569887,10.908022842579685,5
207,AnalyticsFailure,True,5.599480404601406,19.099906492573133,8
208,SensorDrift,True,1.6631953454053723,6.99879089351158,4
209,ActuatorFailure,True,5.399653592361249,16.113759659846263,7
210,CommunicationLoss,True,3.6269275430379855,13.102109941203304,6
211,GatewayFailure,True,5.038457433761258,13.806925057916795,7
212,CommunicationLoss,False,3.684601577676586,12.461437534504203,6
213,SensorDrift,True,1.673093601645829,6.863044460779437,4
214,ModelDrift,True,6.760579891339362,22.38845436053796,9
215,AnalyticsFailure,True,6.0539625613418515,16.88158741221259,8
216,SensorDrift,True,1.843676958237286,7.410204795848091,4
217,SensorDrift,True,1.6274058520325574,7.0891755434977,4
218,InformationDelay,True,2.5110233699375644,9.167258757905214,4
219,CommunicationLoss,True,3.8538063489740786,11.8643351317014,6
220,PacketDelay,False,2.724517829375165,11.058686711896382,5
221,ActuatorFailure,True,4.7484846738511175,16.41095100736981,7
222,PacketDelay,True,3.1316183580200616,10.505672647277665,5
223,AnalyticsFailure,False,5.724101697142603,18.46619780100915,8
224,ModelDrift,False,6.4445468479301935,19.35747739517501,9
225,CommunicationLoss,True,3.5312297348814417,13.036356825772842,6
226,AnalyticsFailure,True,6.147634698842579,19.29111582852946,8
227,AnalyticsFailure,True,5.370071316155804,17.34317212226695,8
228,PacketDelay,True,2.972865694851016,9.887278460464856,5
229,CommunicationLoss,True,4.071717757630242,12.136079751892057,6
230,SensorNoise,True,1.0709543823551335,5.480929257528035,3
231,MissingData,True,1.9626741061200044,8.261843062675856,3
232,SensorDrift,True,1.6759703535770878,6.83244172757019,4
233,MissingData,True,2.3268964998057258,7.845125234335043,3
234,GatewayFailure,False,4.685081057263283,13.93964367917781,7
235,CommunicationLoss,True,3.5701642653814045,11.876140451807872,6
236,CommunicationLoss,True,4.126615341410361,13.194007100485898,6
237,SensorDrift,True,1.78186518723518,6.123493168204215,4
238,MissingData,True,1.9177224310408114,6.955351740731297,3
239,ModelDrift,False,7.371508101553583,19.090160609775282,9
240,CommunicationLoss,True,3.469553134090763,13.522944490466765,6
241,SensorNoise,True,1.0517634720619868,4.819005620093927,3
242,ModelDrift,False,7.365562480238017,19.665335361262652,9
243,CommunicationLoss,True,3.879725011402355,11.779472370670769,6
244,CommunicationLoss,True,3.4827941940516114,12.044121905424163,6
245,CommunicationLoss,False,3.477635376787713,12.497358359960932,6
246,MissingData,True,2.28056369774029,8.068497043644005,3
247,GatewayFailure,True,4.288270463475141,15.1676432983904,7
248,InformationDelay,True,2.443713496234577,9.88202849632733,4
249,InformationDelay,False,2.41871783671232,9.103671683791742,4
250,SensorDrift,True,1.8692476195297278,7.175204900099147,4
251,SensorDrift,True,1.715830142487317,7.202524016003106,4
252,SensorDrift,True,1.8470151610628687,6.152517948127366,4
253,MissingData,True,2.1827752817930204,7.945995033622636,3
254,CommunicationLoss,True,3.6987882866793753,13.41026934069488,6
255,AnalyticsFailure,True,6.233318365628913,17.980089784329902,8
256,SensorNoise,False,1.1185556113465593,5.018212158842902,3
257,SensorNoise,True,1.116402084137348,4.735220954909067,3
258,CommunicationLoss,False,3.476083703262917,12.065255062193298,6
259,ActuatorFailure,True,5.011317939571022,18.34496499647552,7
260,SensorNoise,True,1.0705714773634083,5.1823860399237915,3
261,AnalyticsFailure,True,6.113286659238903,18.304873821734382,8
262,AnalyticsFailure,True,5.4291166075887505,19.30754029129577,8
263,SensorDrift,False,1.6291698481793473,7.277242639872521,4
264,PacketDelay,True,2.911306839189915,10.877075662762818,5
265,SensorDrift,False,1.6839376697872952,6.437711268228106,4
266,CommunicationLoss,True,3.54662556250879,13.438873881407126,6
267,CommunicationLoss,True,3.5233281788285584,12.621395206737821,6
268,AnalyticsFailure,True,5.4986767171155675,18.16999504780571,8
269,PacketDelay,False,2.9463906607660886,10.125227053915085,5
270,AnalyticsFailure,True,5.462600856777745,19.850412423505226,8
271,ActuatorFailure,True,5.308798900029179,17.351228454240573,7
272,CommunicationLoss,True,4.09777855247827,11.853225683291203,6
273,CommunicationLoss,True,4.183326003194922,12.485423379833417,6
274,MissingData,True,2.039507302161834,8.139737112192327,3
275,SensorDrift,True,1.853712846320073,7.282257774285924,4
276,SensorDrift,True,1.7170411032807076,6.248826376709184,4
277,ModelDrift,True,7.199581250176717,18.85552928245652,9
278,AnalyticsFailure,True,6.284342392230444,17.661357616252268,8
279,MissingData,False,2.0827472691103956,7.935016450914407,3
280,PacketDelay,False,2.72750345741572,10.375682254493192,5
281,CommunicationLoss,True,3.4998651932304883,14.017761636632711,6
282,SensorDrift,True,1.7496355444995064,7.22064618479577,4
283,AnalyticsFailure,True,6.363257767237231,19.85523815974591,8
284,CommunicationLoss,False,4.163344705683448,11.604126137333903,6
285,PacketDelay,True,2.9352280444570096,10.65783892814664,5
286,GatewayFailure,True,4.5653520250603865,15.07559189639084,7
287,SensorDrift,True,1.8388234333964542,6.493975205872969,4
288,PacketDelay,True,2.7659356883959205,10.432777418666484,5
289,CommunicationLoss,False,3.937667976362671,12.747173605491072,6
290,MissingData,True,2.116088145233066,7.019213973120281,3
291,AnalyticsFailure,True,5.853889437223634,19.23352044588775,8
292,SensorNoise,True,0.9688261420478962,5.603969022916343,3
293,SensorNoise,True,0.9219841165977594,4.980148045551434,3
294,CommunicationLoss,True,3.809458595749409,13.467659519880508,6
295,MissingData,True,2.15290172389535,7.377054760562058,3
296,ModelDrift,True,6.155445636165689,20.796234719258564,9
297,CommunicationLoss,True,4.0626773647634815,12.191378296534774,6
298,AnalyticsFailure,True,5.916304418519322,18.166799018591565,8
299,SensorNoise,True,0.9654834740958504,4.752817304448314,3
300,CommunicationLoss,True,3.626981888293424,12.835908389698918,6
301,SensorDrift,False,1.7806004467532706,7.159107624255815,4
302,CommunicationLoss,True,3.8829044630942966,13.980794821182984,6
303,PacketDelay,True,3.2339475890944693,11.202745518716055,5
304,CommunicationLoss,True,3.6234616165479823,12.285911139144273,6
305,SensorDrift,True,1.6519862651136012,6.924524992990202,4
306,CommunicationLoss,True,3.7115368435895624,12.92251098183689,6
307,MissingData,True,2.3155566150695037,8.165146166322003,3
308,CommunicationLoss,True,4.184846596878421,12.857417733878533,6
309,CommunicationLoss,True,3.4715422620180765,11.618228340843242,6
310,MissingData,True,1.9209693957026348,7.616323151894255,3
311,SensorNoise,True,1.0432834926031436,5.412574321576203,3
312,SensorNoise,True,0.9542018140214032,5.408472933479918,3
313,MissingData,True,1.9378112842091397,7.1109993890487555,3
314,SensorDrift,True,1.5781619058794127,6.270852005118236,4
315,SensorNoise,True,0.9924375298913866,4.663982238181402,3
316,ActuatorFailure,True,5.265382343854811,17.292456654783408,7
317,SensorNoise,True,0.9838110536920738,5.585377884810074,3
318,SensorDrift,True,1.678535250196058,6.9894017483778335,4
319,GatewayFailure,True,4.504159972689148,15.933979738983163,7
320,SensorNoise,True,1.0994784442296954,5.215983165969935,3
321,CommunicationLoss,True,3.951631727148196,13.551858302929599,6
322,PacketDelay,True,3.1142270091522977,9.780815220026602,5
323,SensorDrift,True,1.5306112882687744,7.074731489496152,4
324,CommunicationLoss,True,4.093329078634281,13.44061750107422,6
325,CommunicationLoss,True,3.5817925433503635,12.286453125243243,6
326,SensorDrift,True,1.737869591825488,6.989919610985728,4
327,SensorNoise,True,1.0192217518142703,4.927791794689373,3
328,SensorDrift,True,1.6479154423922977,6.554545403631977,4
329,CommunicationLoss,True,4.1792559127723825,13.570237603842191,6
330,CommunicationLoss,True,4.000403749557509,12.331161137215096,6
331,SensorDrift,True,1.6012926566961698,7.06271946379692,4
332,SensorDrift,True,1.7975868020708243,7.099762479675877,4
333,SensorDrift,True,1.6789948480507637,6.690728391691882,4
334,PacketDelay,True,2.923841402369617,10.978812143002253,5
335,AnalyticsFailure,True,5.801663608705253,19.92973809609778,8
336,CommunicationLoss,True,3.8847124505638457,13.408521036075497,6
337,SensorNoise,True,1.0100626335072274,5.405178457071466,3
338,MissingData,True,1.9210331492904922,7.284525396272861,3
339,PacketDelay,True,2.8808758796841847,10.99137978617798,5
340,InformationDelay,False,2.3332512347325203,10.176229848410875,4
341,PacketDelay,False,2.878580597627522,11.18996324428793,5
342,PacketDelay,True,3.0966802647221163,10.059899601657555,5
343,SensorNoise,True,1.0418927956335968,5.032884392591162,3
344,SensorDrift,True,1.6425721570095952,7.445181852120001,4
345,CommunicationLoss,True,3.8663960107219157,13.835212680782629,6
346,SensorNoise,True,1.0527619701134467,4.893348660635197,3
347,SensorNoise,True,0.9981520517814237,5.150655886207905,3
348,GatewayFailure,True,4.2584620363442225,13.78167565083857,7
349,SensorDrift,True,1.810125084408275,6.97012369704465,4
350,InformationDelay,True,2.3444633177155643,8.802002078067185,4
351,CommunicationLoss,True,4.189949137439438,12.682605160412276,6
352,PacketDelay,False,3.144501560974815,10.140726684017164,5
353,AnalyticsFailure,True,5.670355232569969,19.23058027070039,8
354,SensorDrift,True,1.6561469784458542,6.638765454459088,4
355,CommunicationLoss,True,3.4766319473938747,12.596338078274563,6
356,CommunicationLoss,True,4.08286524538286,12.913828799182033,6
357,PacketDelay,True,3.091900215872703,9.377273346892318,5
358,InformationDelay,True,2.7071718802760465,9.189155040869261,4
359,CommunicationLoss,True,3.616547260347794,11.630508552447207,6
360,ModelDrift,True,6.830711891720739,22.299761032647634,9
361,PacketDelay,True,3.234635054189865,10.348337152887687,5
362,SensorDrift,True,1.6316097170624488,6.656933936683663,4
363,ActuatorFailure,True,4.625423063428279,17.242147779923286,7
364,CommunicationLoss,True,3.8796863350146573,13.981024648485308,6
365,CommunicationLoss,False,4.168679934585462,12.62005132727952,6
366,InformationDelay,True,2.3802540415957876,8.811234598471385,4
367,ActuatorFailure,True,4.6335294186461145,15.566452975274263,7
368,PacketDelay,True,2.79764197158348,10.85803062706844,5
369,ActuatorFailure,True,5.1969486077356635,16.387148261790987,7
370,MissingData,True,2.2556210596373685,7.018151984541056,3
371,MissingData,True,2.147123031419545,8.195634996388758,3
372,ModelDrift,True,7.367340198665217,18.410444293090155,9
373,CommunicationLoss,True,3.8919957071152327,13.468298435359927,6
374,SensorNoise,True,0.9485270331966337,5.167925805596208,3
375,AnalyticsFailure,True,6.503149681003269,17.204762951874965,8
376,CommunicationLoss,False,4.038851693177652,13.478651357289676,6
377,SensorNoise,True,1.0975477000635068,5.485451433949977,3
378,ActuatorFailure,True,5.2578834241278205,17.24487901531511,7
379,ModelDrift,True,6.354191630293155,20.004133750400833,9
380,PacketDelay,True,3.0825836536119016,9.999508592479797,5
381,CommunicationLoss,True,4.1149025882303185,13.235810073135996,6
382,CommunicationLoss,True,3.8060419162320995,12.15989010510914,6
383,PacketDelay,True,2.8785303184490254,10.799050202207505,5
384,SensorNoise,True,1.0899406999967272,5.465399478898246,3
385,InformationDelay,True,2.790973287769698,8.841280363435306,4
386,ModelDrift,True,7.1314641526537415,21.51804607279121,9
387,SensorDrift,True,1.7777918005116489,6.9427716201391405,4
388,GatewayFailure,True,4.6205050191853205,16.565104384581346,7
389,CommunicationLoss,True,3.8131121522263616,12.792078616554528,6
390,SensorDrift,True,1.5491099789380407,7.196426933230479,4
391,CommunicationLoss,True,3.985320589748758,12.503632109581732,6
392,PacketDelay,True,2.989450299167655,10.340091491185532,5
393,CommunicationLoss,True,4.1120131254359436,11.98685327905633,6
394,CommunicationLoss,True,3.4677993490486085,11.603926168314958,6
395,CommunicationLoss,True,3.5948189758851585,12.414297415315666,6
396,ActuatorFailure,True,4.994881123066827,18.438450132468102,7
397,CommunicationLoss,True,3.6275826423610527,12.721406184619749,6
398,MissingData,True,2.3207211607691223,7.611110902264168,3
399,ModelDrift,True,6.588178645241101,21.777627382647445,9
400,AnalyticsFailure,True,6.343735539613158,17.16806578506648,8
401,MissingData,True,1.933601693207291,8.191346629675886,3
402,AnalyticsFailure,True,5.610039118900614,17.65785302803815,8
403,GatewayFailure,True,4.40079347205604,15.763857238539247,7
404,ModelDrift,True,7.295896704951026,22.305924491373425,9
405,CommunicationLoss,True,3.805184362994949,11.81240093149839,6
406,MissingData,True,2.252867543537893,7.227368148536662,3
407,CommunicationLoss,True,4.163898800564383,13.292488244666997,6
408,ModelDrift,False,6.494514839175174,22.013570538282544,9
409,CommunicationLoss,True,3.7936334844513167,12.031433087885976,6
410,ModelDrift,True,6.828067541726401,20.90431287244247,9
411,SensorDrift,False,1.5324981747114261,7.479223956620719,4
412,GatewayFailure,True,4.9923188220702475,15.488058778799077,7
413,MissingData,True,2.0326376730714166,7.932152097861468,3
414,CommunicationLoss,True,3.699756995224179,12.180032287415242,6
415,SensorDrift,False,1.624140876299068,7.012322663121577,4
416,ModelDrift,True,7.005994397449166,19.128509131459232,9
417,SensorDrift,True,1.6117027064106881,6.197213557179158,4
418,SensorDrift,True,1.8054098514021286,6.6695738597089145,4
419,CommunicationLoss,True,3.5495460740609586,11.539910941356954,6
420,SensorDrift,True,1.6305055753007898,7.35339972502924,4
421,MissingData,False,2.225611140690823,7.777026264692436,3
422,PacketDelay,True,3.1630287471264564,9.880060781256569,5
423,ModelDrift,True,7.053392630868434,20.96431944670066,9
424,ActuatorFailure,True,5.549481313715174,16.518890247679284,7
425,ModelDrift,True,6.351181863123689,21.04306791347339,9
426,PacketDelay,True,2.8523015114521524,10.140392980434045,5
427,PacketDelay,False,3.1089860490781414,10.3204245784607,5
428,ActuatorFailure,True,5.55586184779783,18.35860993669294,7
429,CommunicationLoss,False,3.612523936307369,12.044486209733302,6
430,AnalyticsFailure,True,5.855362356139926,20.146794875853704,8
431,CommunicationLoss,True,3.8904615818332817,12.657589601878788,6
432,InformationDelay,True,2.3223752467472893,9.601321910629306,4
433,MissingData,True,2.1762782454883065,7.607496114081306,3
434,SensorNoise,True,0.9424424511862513,5.284311719606091,3
435,CommunicationLoss,True,3.7585270493206187,13.695665323200163,6
436,CommunicationLoss,False,4.201646107459268,12.34880820656895,6
437,SensorDrift,True,1.8335673419255847,7.461842988001534,4
438,PacketDelay,True,3.190624396285584,9.54792780897796,5
439,PacketDelay,True,2.8754145209153332,11.192746360307348,5
440,CommunicationLoss,True,3.4868803949922755,12.62773573284966,6
441,SensorNoise,True,1.0758026233493954,5.177804494051437,3
442,CommunicationLoss,True,4.04318634285875,13.463368763584684,6
443,ModelDrift,True,6.709847523432546,20.11199166987721,9
444,InformationDelay,True,2.538474140729691,8.423731287274855,4
445,SensorDrift,False,1.7784240839396006,7.412093317055292,4
446,ActuatorFailure,True,5.361984692736665,17.105514870941345,7
447,PacketDelay,True,2.6799536812147404,10.676550611463181,5
448,PacketDelay,True,3.1993061554796114,9.816668211393198,5
449,AnalyticsFailure,True,5.95397040963559,17.974870444421885,8
450,ActuatorFailure,True,4.636632718772935,18.52477547518026,7
451,SensorDrift,True,1.7068980601636008,6.832799995388507,4
452,CommunicationLoss,False,3.967886818323555,11.816163046836621,6
453,ActuatorFailure,True,5.089982258278399,17.850392979686326,7
454,SensorDrift,True,1.8383440403058369,7.224331310902631,4
455,SensorNoise,True,0.9637615581180338,5.594577114983126,3
456,InformationDelay,True,2.306175768753464,9.358664747074258,4
457,AnalyticsFailure,True,6.2012210072140626,19.792555559871637,8
458,AnalyticsFailure,True,6.116982091474452,19.7144737409048,8
459,PacketDelay,True,3.0308848203855363,9.277839166450638,5
460,SensorNoise,True,1.0885684819521557,4.639199757602399,3
461,PacketDelay,True,2.941867001922809,9.432133928510964,5
462,PacketDelay,True,3.0951115878381628,9.599209627942678,5
463,MissingData,True,1.9164544329268822,7.528933328333101,3
464,SensorDrift,True,1.7069051396235246,6.967004976448885,4
465,GatewayFailure,True,4.599102077906283,16.519783090509755,7
466,InformationDelay,True,2.610025957078074,8.943661656478074,4
467,GatewayFailure,True,4.67288602408569,15.633545536631594,7
468,SensorNoise,True,1.0876257593834537,5.582582116765579,3
469,CommunicationLoss,True,3.755963516354141,11.883952676508462,6
470,AnalyticsFailure,True,6.438324386679798,19.403882643803097,8
471,InformationDelay,True,2.414597685645494,8.4388413803723,4
472,ActuatorFailure,True,4.702639535754448,17.252119401653665,7
473,GatewayFailure,True,5.095232024708594,16.155350241108373,7
474,AnalyticsFailure,True,6.21605573565167,20.21387489599762,8
475,ActuatorFailure,True,5.0558862594398795,18.62278923993167,7
476,AnalyticsFailure,False,5.414595433017407,19.871287268052882,8
477,ModelDrift,True,7.279058212601925,19.829675829339863,9
478,ActuatorFailure,False,5.024515110502474,15.694063582442663,7
479,SensorDrift,True,1.832699283924716,6.1331543657088154,4
480,SensorDrift,False,1.7500475329009755,6.566978723453263,4
481,CommunicationLoss,True,4.173143204716462,12.159188966379409,6
482,CommunicationLoss,True,3.7275559472549533,12.348942943038919,6
483,SensorDrift,True,1.6660850768326623,6.7408926139004,4
484,CommunicationLoss,True,3.97027535982999,12.694524777976742,6
485,InformationDelay,True,2.746923182207524,8.7268762236194,4
486,PacketDelay,True,3.109714611693432,11.182401107867305,5
487,InformationDelay,True,2.3478936839265683,10.118994043578976,4
488,PacketDelay,True,3.016021341485113,10.073852122200813,5
489,SensorDrift,True,1.7949158601606165,6.95144745021455,4
490,MissingData,False,2.2864788547633443,7.997736311103182,3
491,SensorDrift,False,1.6942470831642695,6.783846976709328,4
492,ModelDrift,True,6.7193355171570355,18.618411069716366,9
493,MissingData,True,1.917753090519022,8.213548375943535,3
494,PacketDelay,True,3.119956168331997,10.656498028283007,5
495,CommunicationLoss,True,4.173657494093709,13.701516087447605,6
496,ModelDrift,True,7.056008635109581,20.882415185485687,9
497,AnalyticsFailure,True,6.219715842424383,18.632416993179195,8
498,InformationDelay,True,2.6221162709317136,8.692983825720784,4
499,SensorDrift,True,1.8333010397542204,6.953563055352941,4
500,SensorNoise,True,1.1086117697657139,5.105678923322428,3
501,ActuatorFailure,True,5.095751629373461,15.862373169172868,7
502,SensorDrift,True,1.6390154972814264,6.570016985829154,4
503,CommunicationLoss,True,3.8303009391231124,12.878763702813233,6
504,SensorDrift,True,1.8078151239447298,6.227209610226517,4
505,SensorDrift,True,1.724831876399767,6.239707011915455,4
506,InformationDelay,True,2.4561913789849017,10.248854281828464,4
507,SensorDrift,True,1.536041503808638,6.668677936202142,4
508,PacketDelay,True,3.004213779867448,10.864853867183825,5
509,SensorDrift,False,1.8574782244152017,6.987051846491197,4
510,SensorNoise,True,1.0327158447071736,5.257687903232156,3
511,AnalyticsFailure,False,5.760616498532724,19.91666310491405,8
512,SensorDrift,True,1.8170679294654457,6.571482770754435,4
513,CommunicationLoss,True,3.901462630942071,13.3024780737294,6
514,MissingData,True,2.1048262938742335,7.034078644154664,3
515,AnalyticsFailure,True,5.357614367874079,18.15821977990691,8
516,SensorNoise,True,1.0811821939912785,5.148644393328016,3
517,ActuatorFailure,True,4.698448673834604,18.3493822035054,7
518,AnalyticsFailure,True,6.332988005303286,19.606990730007222,8
519,PacketDelay,True,2.828802140194601,9.579679792989705,5
520,SensorDrift,True,1.819746086400634,6.413201725941766,4
521,AnalyticsFailure,True,5.581788729227913,18.093871471755534,8
522,CommunicationLoss,True,3.4780727768605146,13.089763192352198,6
523,SensorDrift,True,1.5718945247123342,7.332785922681438,4
524,SensorDrift,False,1.730367496647721,6.805708703570851,4
525,CommunicationLoss,True,3.4458182851651955,13.35234552229835,6
526,CommunicationLoss,False,3.7735999405882827,12.967057813938533,6
527,CommunicationLoss,True,4.040027345267603,13.795962790413697,6
528,CommunicationLoss,True,3.5753424566896888,13.553872592951162,6
529,InformationDelay,True,2.6303361236771825,9.548520647292147,4
530,GatewayFailure,True,5.031600180153993,15.051114122251215,7
531,CommunicationLoss,True,3.9722743845598147,12.108008912188334,6
532,SensorDrift,True,1.6465719940510926,6.520076017199979,4
533,AnalyticsFailure,False,5.519434206717962,19.08344144178967,8
534,PacketDelay,True,2.9823153003890317,10.89987183981425,5
535,GatewayFailure,True,4.50100659341069,16.02466506408652,7
536,SensorDrift,True,1.6038964693866842,6.405209266907482,4
537,MissingData,True,2.2043098013605906,8.294423399558154,3
538,SensorDrift,True,1.7715347908513948,7.446244110638828,4
539,PacketDelay,True,3.000282429666189,10.479229967129662,5
540,MissingData,True,2.2358293855540534,7.74528872352068,3
541,CommunicationLoss,True,4.163645342926497,13.285815260295339,6
542,SensorDrift,False,1.8339144404684928,6.8461078130369035,4
543,ModelDrift,True,6.6944454620726,18.412103701626794,9
544,CommunicationLoss,True,3.73386578985434,11.610315748744817,6
545,CommunicationLoss,False,3.646738376124885,13.478107091116796,6
546,MissingData,True,2.2029408896825347,7.109035436915264,3
547,MissingData,True,2.245851895402631,7.197121382080009,3
548,PacketDelay,True,2.890916050220621,10.103292789228702,5
549,ActuatorFailure,True,5.27903653378995,17.210408943447927,7
550,SensorDrift,True,1.7500206110688448,6.648885860466435,4
551,SensorDrift,True,1.8009234402447893,7.0667347561656575,4
552,GatewayFailure,True,4.251426188992435,14.937642841979244,7
553,AnalyticsFailure,False,6.292852720776417,19.39245637364183,8
554,CommunicationLoss,True,3.4836586771154283,13.371358413926663,6
555,PacketDelay,True,3.1944657269839225,10.935307266526229,5
556,MissingData,True,2.0083581115110345,7.8546963959044405,3
557,ModelDrift,True,6.6201279245834534,20.760612187908514,9
558,ActuatorFailure,True,4.790398463395757,17.764709370423745,7
559,MissingData,True,2.1032463420212717,8.389683585051209,3
560,SensorDrift,True,1.857241584651845,7.119708100995658,4
561,SensorNoise,True,0.9262893835262627,4.8746944912353944,3
562,MissingData,True,1.9808947611465608,8.179401720018495,3
563,SensorDrift,True,1.6885526549912568,7.394992452640353,4
564,CommunicationLoss,True,4.152900602421254,12.997044846636662,6
565,AnalyticsFailure,True,6.0991863284451835,19.98334352966748,8
566,PacketDelay,True,3.147495368538371,10.302326766628731,5
567,SensorDrift,False,1.7706117308741218,6.834537291371436,4
568,GatewayFailure,True,4.694266878655143,16.175950212372314,7
569,InformationDelay,True,2.5719708790919804,9.16938991421415,4
570,SensorDrift,True,1.83035489121482,7.022134887958778,4
571,CommunicationLoss,True,3.667084383235206,13.898286104718387,6
572,SensorDrift,True,1.6914514441702857,6.883415169121446,4
573,SensorDrift,True,1.7507620385512208,6.27602185390708,4
574,MissingData,False,2.014647847484134,7.867664464406391,3
575,MissingData,False,2.0161265446434258,6.946012190090891,3
576,MissingData,True,2.0745833582376783,8.103196076049143,3
577,AnalyticsFailure,True,5.660342762417216,19.537668775303516,8
578,ModelDrift,True,6.822940238699826,21.50361683495215,9
579,SensorDrift,True,1.7029701016209224,6.78205440446465,4
580,PacketDelay,True,3.0651592766087123,9.83343802458305,5
581,CommunicationLoss,True,3.5159066697810366,13.952653363261406,6
582,CommunicationLoss,True,3.850402453956067,13.073679343737314,6
583,CommunicationLoss,True,3.9240785801916607,12.018596586254423,6
584,AnalyticsFailure,False,6.34944144251699,17.598867584252364,8
585,MissingData,True,2.2859208234764274,8.019303803340096,3
586,SensorNoise,True,1.0846178870179446,4.6635629031198365,3
587,CommunicationLoss,True,3.4606710037686472,13.30301412378158,6
588,SensorDrift,True,1.5549043299142358,6.362069342435391,4
589,ActuatorFailure,False,4.661850934076767,18.093505683347548,7
590,SensorDrift,True,1.6685951446885698,6.733530902691897,4
591,InformationDelay,True,2.45636616541903,9.143368491746998,4
592,AnalyticsFailure,True,5.362019723678329,19.523868447040222,8
593,MissingData,True,2.229529188192512,6.954640786292773,3
594,CommunicationLoss,True,3.716140606142256,12.757234224830908,6
595,SensorDrift,True,1.763198744076932,6.94492954401409,4
596,CommunicationLoss,True,4.151418523004817,12.447604614924929,6
597,CommunicationLoss,True,3.4660766507878944,11.873624859082273,6
598,SensorDrift,True,1.78389632994635,7.203607794378542,4
599,CommunicationLoss,True,3.6681585290245913,13.091816456000453,6
600,InformationDelay,False,2.7473588406758465,10.220233285700397,4
601,CommunicationLoss,True,3.9381745656240352,13.916348705225708,6
602,GatewayFailure,True,5.025407077327298,14.202604030647125,7
603,SensorNoise,True,1.0348345933684528,4.991963334887438,3
604,SensorDrift,True,1.5589431312948092,6.405671931338931,4
605,SensorDrift,False,1.7768186978765543,6.4079622423739,4
606,AnalyticsFailure,True,6.368236033096445,17.362782138004672,8
607,SensorDrift,True,1.7397408739016538,6.463728817882267,4
608,SensorNoise,True,1.054879493915518,5.168638497362258,3
609,CommunicationLoss,True,4.0170469878484525,13.999694877754887,6
610,ModelDrift,True,6.996757338848292,18.658429854406883,9
611,SensorNoise,True,0.9691402734222508,4.791365944296874,3
612,SensorDrift,True,1.853523568157027,6.605708168256079,4
613,CommunicationLoss,True,3.6219176292906288,12.20209971688513,6
614,InformationDelay,True,2.3936842702483445,9.32356050061217,4
615,MissingData,True,2.1927544566237334,7.945990937901883,3
616,SensorNoise,False,1.0336398261663071,5.413853759934454,3
617,SensorNoise,True,0.95240246022482,4.90947907634898,3
618,PacketDelay,True,3.1012584806992907,10.487310630453326,5
619,SensorDrift,True,1.6522252399151325,7.044229044592702,4
620,CommunicationLoss,True,3.809664787419729,12.610662832593853,6
621,PacketDelay,True,2.9672479725498317,9.402018578041874,5
622,ModelDrift,False,6.23148422259717,19.50491303372049,9
623,SensorDrift,True,1.833040993236975,6.387147423908107,4
624,CommunicationLoss,False,3.921863447081251,13.329934686364755,6
625,AnalyticsFailure,False,6.366008854758309,19.192283089285095,8
626,MissingData,True,2.1585328345908383,8.061876390000846,3
627,MissingData,False,1.9280789314540285,7.2837429718040525,3
628,SensorDrift,True,1.713490219716097,7.009315069424125,4
629,AnalyticsFailure,True,5.822073031557612,20.163976413516863,8
630,PacketDelay,True,3.1875126717101376,9.453117769271062,5
631,PacketDelay,True,2.7313796444318235,9.92228573847131,5
632,CommunicationLoss,False,3.625243815472022,13.933200684239544,6
633,CommunicationLoss,True,3.9658836674829594,13.405875481747454,6
634,MissingData,True,1.9801695276136453,7.751526599537797,3
635,CommunicationLoss,True,4.109729292953891,11.84780758527365,6
636,CommunicationLoss,True,4.160969072576452,11.578070556431925,6
637,ActuatorFailure,True,4.8263849057564014,16.198814191341995,7
638,CommunicationLoss,True,3.953967984007166,12.795607335975031,6
639,SensorDrift,False,1.6619516573823188,7.368346643882357,4
640,ActuatorFailure,True,4.630702792556596,17.504984145625247,7
641,MissingData,True,2.324087595355388,7.854357482115627,3
642,MissingData,True,2.227811625502328,7.770306095427688,3
643,PacketDelay,True,2.901612443878776,9.95217777479593,5
644,AnalyticsFailure,True,6.423889674873712,17.121112141700976,8
645,SensorDrift,True,1.8607091968392018,6.423142986165477,4
646,CommunicationLoss,True,4.067686125403683,12.354832423787542,6
647,SensorNoise,False,1.0989830764774908,4.596729640304101,3
648,MissingData,True,2.099456947821248,7.236885872020907,3
649,InformationDelay,True,2.4382128492584356,8.695949562560868,4
650,ActuatorFailure,True,5.204060681996113,18.077647256868502,7
651,SensorDrift,True,1.6709686529323362,6.56910568073055,4
652,MissingData,True,2.1994725061841027,7.617902379947729,3
653,PacketDelay,True,3.062619244313629,10.018234382612928,5
654,AnalyticsFailure,True,5.507183286789425,19.04538024978804,8
655,PacketDelay,True,2.98252247552066,10.997227249796909,5
656,CommunicationLoss,True,3.5697511452255295,13.827239520170508,6
657,MissingData,True,2.084818934498183,8.367942841293777,3
658,ActuatorFailure,False,5.486079162612096,17.77511267252217,7
659,InformationDelay,True,2.778099472997574,8.820029691457824,4
660,SensorDrift,True,1.690280574671051,6.775069022714875,4
661,SensorDrift,True,1.6696607296488073,6.314088506405636,4
662,AnalyticsFailure,True,6.268313234049396,19.160811903529513,8
663,CommunicationLoss,False,3.570807101719103,13.22325746770063,6
664,PacketDelay,True,3.032437350685929,9.320439509964139,5
665,CommunicationLoss,True,3.5436430968199377,11.517234699547208,6
666,SensorDrift,True,1.8391753358504344,7.0507402504304135,4
667,GatewayFailure,False,4.773652801700229,14.312911884011028,7
668,CommunicationLoss,True,3.9013575546060726,13.71326922624457,6
669,ActuatorFailure,True,5.357430814056596,15.616845883724237,7
670,AnalyticsFailure,True,6.428361859307698,18.846929588876154,8
671,SensorNoise,True,1.1092979074871063,5.282130547480407,3
672,MissingData,True,2.0912907085002246,8.223481180119965,3
673,InformationDelay,True,2.513767694883332,10.169848444166044,4
674,MissingData,True,2.2391854605602144,7.421292255083051,3
675,CommunicationLoss,True,4.137012040597033,13.60983581078503,6
676,AnalyticsFailure,True,5.861332382256694,17.781897425387115,8
677,ActuatorFailure,True,5.518287063808995,15.584979775273105,7
678,AnalyticsFailure,True,6.0020399161151765,17.794190611443955,8
679,ModelDrift,True,7.131358126652349,18.38902544407686,9
680,PacketDelay,True,2.98675829808623,9.945060958678082,5
681,CommunicationLoss,True,4.05777967193473,12.517554946793528,6
682,GatewayFailure,True,4.605876935789164,15.561232765735063,7
683,SensorNoise,True,1.0273653977394592,5.165963642395712,3
684,SensorNoise,True,1.120326929530826,4.995403231159384,3
685,AnalyticsFailure,True,6.012004888524922,18.915284405234676,8
686,InformationDelay,False,2.5801378531232833,9.319631494764717,4
687,AnalyticsFailure,True,6.042404872177423,19.72548737107627,8
688,InformationDelay,True,2.3654149444106927,10.030363084769688,4
689,SensorDrift,False,1.6081222435224225,7.1850285940696565,4
690,SensorNoise,True,0.9384568379800727,5.108510413978785,3
691,MissingData,True,2.2528628366738177,7.824458811555041,3
692,MissingData,True,1.9346224387609485,7.480328631295208,3
693,AnalyticsFailure,True,6.3121995394557375,19.908975441035093,8
694,AnalyticsFailure,True,6.069292075694347,17.159646178034404,8
695,SensorDrift,True,1.656083942854505,6.948279251242781,4
696,PacketDelay,True,3.231257569683691,9.997315510902478,5
697,AnalyticsFailure,True,5.695898388302408,20.43360153507104,8
698,CommunicationLoss,True,4.034310465957783,11.921941377466492,6
699,InformationDelay,False,2.300462302661469,10.005561479913991,4
700,SensorNoise,True,1.0237032695587376,4.788641424434495,3
701,CommunicationLoss,True,3.8330691055550976,13.25604681812794,6
702,SensorDrift,True,1.7591682895441412,6.60924639765463,4
703,SensorNoise,True,1.1170317637929226,4.678579668825518,3
704,SensorDrift,True,1.6658074545865016,7.030740383098979,4
705,PacketDelay,True,2.7966846779589125,9.211347705895662,5
706,SensorDrift,True,1.8425203231771023,6.867446008823153,4
707,CommunicationLoss,True,3.870222108214959,12.961477658805572,6
708,PacketDelay,False,3.1627313533017203,9.64164284644262,5
709,GatewayFailure,True,4.63269967309596,15.006106797301877,7
710,CommunicationLoss,True,3.5764016119126825,12.76590714545165,6
711,SensorNoise,True,1.0206465099157942,4.936765212312011,3
712,SensorDrift,True,1.7045174736178008,6.470463005837155,4
713,CommunicationLoss,True,4.049442782065227,12.112860803829054,6
714,SensorDrift,True,1.658207295473496,6.777736657911207,4
715,MissingData,True,2.056855824466992,8.071666171789452,3
716,SensorDrift,True,1.8348180997335988,7.2923516598135,4
717,ActuatorFailure,True,4.852976160115788,16.60108903612532,7
718,GatewayFailure,True,4.413557471952688,15.915598869648473,7
719,AnalyticsFailure,True,5.845786906905326,18.15058003285323,8
720,SensorNoise,True,1.0609669846725773,4.858616685220769,3
721,AnalyticsFailure,True,5.829727457550917,19.630467613420034,8
722,SensorDrift,True,1.7185475113740172,6.362740616262819,4
723,CommunicationLoss,True,3.6097030923452373,12.937967178867334,6
724,AnalyticsFailure,True,6.2429259470321075,20.309154685013954,8
725,ActuatorFailure,True,5.341854492900221,16.098528664562544,7
726,PacketDelay,True,2.835416197128842,9.647583365542022,5
727,SensorDrift,True,1.8143538013869744,6.604197227747395,4
728,SensorDrift,False,1.5707586875026223,6.2267430987887415,4
729,SensorDrift,True,1.6975060535125523,6.129008199567885,4
730,ModelDrift,True,7.42287060303597,21.819883230684336,9
731,InformationDelay,False,2.455862622045678,10.094486644734634,4
732,ActuatorFailure,True,5.176009767548325,16.234092312073248,7
733,SensorNoise,True,1.0739095143889292,5.111356308354973,3
734,SensorNoise,True,1.0710345547023394,4.7208108691515855,3
735,ModelDrift,True,6.695519179780151,22.19379003916929,9
736,SensorNoise,True,0.9888469481789935,5.467608133107911,3
737,CommunicationLoss,True,3.7922549662517606,11.781938860047784,6
738,GatewayFailure,True,4.502633933197051,13.795760930748054,7
739,MissingData,True,2.0737569015244284,7.039144173994044,3
740,CommunicationLoss,True,4.101809147809975,11.952238726979767,6
741,MissingData,True,2.0269984975481163,8.351546030104299,3
742,AnalyticsFailure,True,5.573857272293689,18.415546372736927,8
743,SensorDrift,True,1.7857465595497586,6.616506061269964,4
744,CommunicationLoss,False,3.78730767848056,12.932094781357087,6
745,SensorDrift,True,1.7632440501281075,7.2272993032323045,4
746,PacketDelay,False,3.1559321106992972,10.312893696738229,5
747,CommunicationLoss,True,3.5924883588147942,13.515095518498326,6
748,SensorDrift,True,1.6908155883396212,6.1332495158924605,4
749,MissingData,True,1.9696504659810197,8.251703726497045,3
750,GatewayFailure,True,4.706773719554573,14.736125376396766,7
751,PacketDelay,True,2.826829549927059,10.931344044196475,5
752,SensorNoise,True,0.9381908590560467,4.7566087178978105,3
753,SensorDrift,True,1.6164584921451166,7.261001524154937,4
754,MissingData,True,2.228952118696489,7.282446756677865,3
755,ActuatorFailure,True,5.158641318011891,18.054053997071314,7
756,AnalyticsFailure,True,5.8449954767098475,18.143078431963612,8
757,SensorDrift,True,1.7358958510134055,6.904521108740691,4
758,SensorNoise,True,1.0278414038986408,5.588960595696533,3
759,MissingData,True,2.0506633718394265,7.665980124070237,3
760,PacketDelay,True,2.9434234196642888,9.339951343665904,5
761,InformationDelay,False,2.531513561175564,10.203831585950155,4
762,CommunicationLoss,True,3.932544199324426,13.842845000776205,6
763,CommunicationLoss,False,3.9109172556720884,12.507170436268279,6
764,MissingData,True,1.9461225691724553,7.410746996024053,3
765,SensorNoise,True,1.05121467187581,5.314642154818936,3
766,SensorDrift,True,1.6644548105614212,7.327260856964155,4
767,CommunicationLoss,True,4.1606589237438225,13.382133521114628,6
768,InformationDelay,False,2.5246472147936703,8.72788486021658,4
769,SensorNoise,True,0.943508141789329,4.829319736028187,3
770,GatewayFailure,True,4.903023447432753,16.064203594960258,7
771,ActuatorFailure,False,4.994986494966369,15.624882644540772,7
772,PacketDelay,True,2.95904554900764,9.289803893966855,5
773,SensorNoise,True,1.0248924894337301,5.605934006012352,3
774,ModelDrift,False,6.960618953490058,18.70398996794013,9
775,SensorDrift,True,1.6625477107255608,6.431924099448765,4
776,ActuatorFailure,True,5.042023635350245,15.72979980443673,7
777,PacketDelay,True,2.779011750645935,9.25171616102487,5
778,CommunicationLoss,True,4.142683376288257,13.678814911203048,6
779,ModelDrift,True,7.30442165147658,22.174218892391405,9
780,GatewayFailure,True,4.333832438972011,16.67236756440048,7
781,AnalyticsFailure,True,6.058088802629152,18.537472392619534,8
782,SensorDrift,True,1.828279861448368,6.71156922513176,4
783,AnalyticsFailure,True,5.990203115928896,20.229372587341143,8
784,AnalyticsFailure,True,5.625282849130051,17.164932044391016,8
785,MissingData,True,2.0876866173775346,7.123247834775348,3
786,CommunicationLoss,True,3.8428369239253217,13.408648294301804,6
787,PacketDelay,True,2.8481235378546477,10.271601731605582,5
788,SensorDrift,True,1.6972567624000128,7.147442873185956,4
789,ActuatorFailure,True,5.37118658750537,18.01308023926569,7
790,CommunicationLoss,True,4.052027048658742,12.872941099128067,6
791,AnalyticsFailure,True,6.404772861503511,18.46477781039754,8
792,SensorDrift,True,1.7730789142148202,6.99854748703557,4
793,PacketDelay,True,2.808752493608544,9.341587855677071,5
794,CommunicationLoss,True,3.8377066973214724,13.514895629289624,6
795,SensorDrift,True,1.765934349989725,6.489736558699314,4
796,AnalyticsFailure,True,5.98801367657246,17.835394372971805,8
797,CommunicationLoss,True,3.4948749238218473,11.823391283962637,6
798,AnalyticsFailure,True,5.896858185046152,18.523349449916047,8
799,MissingData,True,2.121598305961568,7.375584896427951,3
800,MissingData,False,2.3246293924924926,6.918860254991684,3
801,MissingData,True,2.032398678469717,7.076309980334712,3
802,AnalyticsFailure,True,5.364762866326008,17.16733671697644,8
803,SensorDrift,True,1.6038439489621696,6.691530516920569,4
804,SensorDrift,True,1.6994545569964319,6.625100030829094,4
805,PacketDelay,True,2.696383587244883,9.34365511835243,5
806,CommunicationLoss,True,3.554257186672608,12.154584124519786,6
807,CommunicationLoss,False,3.8580418421675438,11.938089533448892,6
808,SensorDrift,True,1.61502701862056,6.638945275592974,4
809,AnalyticsFailure,True,6.514772218421799,19.502912629627577,8
810,AnalyticsFailure,False,6.515216934808519,17.754386594732814,8
811,SensorDrift,True,1.5977211579433366,7.12003897971328,4
812,PacketDelay,True,3.07377469080954,9.605232149396569,5
813,PacketDelay,True,3.249422268425711,11.089879103146858,5
814,CommunicationLoss,True,3.9996013645997066,13.374047675657447,6
815,PacketDelay,True,2.7501741997206293,10.161708370019351,5
816,CommunicationLoss,True,3.7182263918888006,11.6078231621707,6
817,SensorNoise,True,1.1165479083287524,4.830685154539101,3
818,PacketDelay,True,2.6864652846349735,10.80055641057524,5
819,CommunicationLoss,False,3.7452933497257157,12.094877799770021,6
820,CommunicationLoss,True,3.8870239223864567,13.236416107132586,6
821,PacketDelay,True,2.7697202057464585,10.752425880004012,5
822,ModelDrift,True,6.799890120955602,21.15865414652281,9
823,GatewayFailure,True,5.114124345572068,16.09425410488922,7
824,ActuatorFailure,True,4.95262802882095,15.82332268047717,7
825,AnalyticsFailure,True,5.482796071095279,18.654532378391945,8
826,MissingData,True,2.149798937962493,7.871308348907137,3
827,SensorDrift,True,1.8332106234816048,7.117136811185127,4
828,SensorNoise,True,0.9950648630340857,5.328887141029737,3
829,SensorDrift,True,1.5434261045232618,7.081011331342161,4
830,ModelDrift,True,6.858118344455745,20.359575342940428,9
831,SensorNoise,True,1.028898591033545,4.920154493205625,3
832,AnalyticsFailure,False,6.38751758954902,19.069062991441285,8
833,SensorDrift,True,1.58451675909324,6.8423469052525965,4
834,CommunicationLoss,True,4.069355191897319,12.856095177949499,6
835,CommunicationLoss,True,4.036077199117019,12.765192218993315,6
836,CommunicationLoss,True,4.117943264985984,13.055323246754073,6
837,InformationDelay,True,2.6113006295396475,9.014697956355487,4
838,ActuatorFailure,True,5.576506420148429,18.084769094865536,7
839,CommunicationLoss,True,3.9651664996566254,13.42762194355013,6
840,SensorDrift,True,1.626263888401419,6.67733415776215,4
841,CommunicationLoss,True,3.516136067399743,13.155172126889479,6
842,SensorNoise,True,1.1093111054783609,4.77221157603683,3
843,AnalyticsFailure,True,5.482395650502969,17.546646234462695,8
844,SensorDrift,True,1.7481955671633918,6.648494394531644,4
845,GatewayFailure,True,4.790912402538423,15.576320790970117,7
846,MissingData,True,2.0063071832621864,7.983303147691765,3
847,SensorDrift,False,1.8431519711835012,7.011819132181343,4
848,MissingData,True,2.2661330214439457,7.601130489450399,3
849,SensorDrift,False,1.6527148573825265,7.1311293196381005,4
850,AnalyticsFailure,True,6.333211554357348,19.800493418496416,8
851,AnalyticsFailure,True,6.0891506572538665,18.808537909031234,8
852,SensorDrift,True,1.8137152093896833,6.225992109810268,4
853,MissingData,True,2.1332812411060607,7.039874434765525,3
854,CommunicationLoss,True,3.737278282492885,11.967454592077358,6
855,AnalyticsFailure,True,6.033332926065749,20.37366250864475,8
856,PacketDelay,True,3.0095942562597604,10.702061087602742,5
857,CommunicationLoss,True,3.883571199132815,13.19495603754921,6
858,SensorDrift,True,1.6752054966998113,6.261579259536122,4
859,AnalyticsFailure,True,6.009458905218937,18.717550999092296,8
860,SensorDrift,False,1.7115261621733562,6.935885394532208,4
861,MissingData,False,2.296056112527407,7.726624453864533,3
862,SensorDrift,True,1.8172503650664138,6.680786876673182,4
863,CommunicationLoss,True,4.074508555906183,12.299799846123562,6
864,GatewayFailure,True,4.717660534009508,14.917693009101354,7
865,CommunicationLoss,True,4.012102436604934,12.393021789582164,6
866,MissingData,True,2.320425383141365,6.8852993106190805,3
867,ActuatorFailure,True,4.88017181402205,15.355428322850704,7
868,AnalyticsFailure,False,6.414486223527726,16.854567420357828,8
869,CommunicationLoss,True,3.60683945178707,12.27800692137583,6
870,ActuatorFailure,False,5.552214864369583,18.09594735755216,7
871,GatewayFailure,True,4.685538841598943,15.51624470750483,7
872,SensorDrift,True,1.5620576233627672,6.746102935699312,4
873,SensorDrift,True,1.6200959809482707,7.329890479383855,4
874,SensorDrift,True,1.617122905073801,6.528411307074062,4
875,SensorDrift,True,1.7234820785528409,6.415714701105667,4
876,MissingData,True,2.050494122967007,7.623275754783607,3
877,CommunicationLoss,True,4.130253434051128,13.26726213186527,6
878,CommunicationLoss,True,3.515453500936567,13.112749288722894,6
879,ModelDrift,True,7.219343994138732,19.916708130837883,9
880,GatewayFailure,False,5.069449849246389,14.79323231208821,7
881,CommunicationLoss,True,3.7747428636524014,13.847127514056634,6
882,CommunicationLoss,False,4.031848394188575,13.381580576036775,6
883,ActuatorFailure,True,5.537226229098909,17.45521615030783,7
884,InformationDelay,True,2.3226052538710795,9.395596867330454,4
885,CommunicationLoss,True,3.8746583639042727,12.308420650520356,6
886,PacketDelay,False,2.7686525021497856,10.554215894434007,5
887,ActuatorFailure,True,5.5804610496351765,17.859656690235806,7
888,CommunicationLoss,True,3.511413458696719,12.57643595888426,6
889,InformationDelay,True,2.370486324335757,9.043634492936427,4
890,AnalyticsFailure,True,6.241924895261826,18.880089994765637,8
891,PacketDelay,True,2.914623587232715,10.066361866731967,5
892,MissingData,True,2.236363990845681,7.620811428023303,3
893,CommunicationLoss,True,3.7449188847390564,12.931893241405884,6
894,SensorNoise,True,1.121404068455668,5.124732737922451,3
895,ModelDrift,True,6.482109643343164,20.114668183025117,9
896,AnalyticsFailure,True,6.040461702321602,17.250861719044565,8
897,SensorNoise,True,0.992514599465242,4.784299536400684,3
898,ActuatorFailure,True,5.258518054967307,17.91691639301467,7
899,MissingData,True,2.061129469885632,8.142023601494309,3
900,PacketDelay,False,3.048293382985607,10.078545385089146,5
901,SensorNoise,True,0.9656318777556404,5.289066412011514,3
902,InformationDelay,True,2.666528243980629,8.575473002047353,4
903,SensorDrift,True,1.612636425365805,6.964563321920875,4
904,SensorNoise,True,1.0878187302001368,4.883438790693938,3
905,PacketDelay,True,3.1560470603124084,9.802440822110515,5
906,SensorDrift,True,1.6428380844821278,7.126417659608181,4
907,GatewayFailure,True,4.718406640062136,16.066086755182543,7
908,PacketDelay,True,3.0482099857502027,11.204296341600632,5
909,SensorDrift,False,1.7572085978556582,6.6321850710577275,4
910,CommunicationLoss,True,3.8455013042559005,12.126413678633535,6
911,CommunicationLoss,True,3.5960324836055126,13.251143055601496,6
912,AnalyticsFailure,True,5.908303373896792,20.36496004366256,8
913,MissingData,False,2.19315845083674,7.8993619026518385,3
914,InformationDelay,True,2.4787117625831363,8.616756979865405,4
915,PacketDelay,False,3.2031243775144196,9.9685073813169,5
916,CommunicationLoss,False,3.8315333540894696,13.284706435754817,6
917,InformationDelay,True,2.5421776974354247,9.53158898401274,4
918,CommunicationLoss,True,3.594639528006299,13.940317999704668,6
919,InformationDelay,False,2.6583592871648007,8.48933699408638,4
920,ActuatorFailure,True,4.901026073398001,16.965771674644643,7
921,AnalyticsFailure,True,5.376862948184223,19.389324468792637,8
922,InformationDelay,False,2.4491863679175405,10.277509549031532,4
923,ModelDrift,True,6.495194459439623,18.612999563166742,9
924,SensorNoise,False,0.9969828002873214,5.609950836831002,3
925,InformationDelay,True,2.7765097160862315,10.189847702339012,4
926,SensorNoise,True,0.9877243751810771,4.990703528598475,3
927,ModelDrift,True,7.112649942933036,20.48452880381995,9
928,ModelDrift,True,7.306874000211905,21.161015115141172,9
929,SensorNoise,True,1.034871304803795,5.024994296952694,3
930,MissingData,True,2.169781776070193,7.572228853550684,3
931,PacketDelay,True,3.0657212244156975,10.365302629354312,5
932,SensorDrift,True,1.59878547931671,6.307829112561329,4
933,AnalyticsFailure,True,6.424385371978048,20.231764555617005,8
934,SensorDrift,True,1.8390607123953415,7.167267996947521,4
935,AnalyticsFailure,True,6.027164701904084,17.421099209095804,8
936,SensorDrift,True,1.7112069259772043,7.098439087875237,4
937,SensorDrift,True,1.815437653355874,6.317911049938412,4
938,CommunicationLoss,False,3.686295895824588,13.955884889556486,6
939,SensorDrift,True,1.6331383556918913,7.134029232784548,4
940,SensorNoise,True,1.0479168693302798,5.3431064046865115,3
941,ActuatorFailure,True,4.781692274279198,15.747255993099051,7
942,CommunicationLoss,True,4.196756028705581,13.048213589046147,6
943,SensorNoise,True,1.0429218523733759,5.19828790647407,3
944,PacketDelay,True,2.6930202732142843,9.342129877834083,5
945,PacketDelay,True,2.7572815433806417,10.906122001361936,5
946,MissingData,True,2.188566635056829,7.166484010992631,3
947,PacketDelay,True,2.959438917911202,9.514124205963686,5
948,PacketDelay,False,2.920610550305997,11.156382765104093,5
949,MissingData,True,2.3163341680582143,7.225507944940187,3
950,SensorNoise,True,0.9593780495419088,4.798653347845815,3
951,CommunicationLoss,True,4.172844787903169,12.595177267202578,6
952,GatewayFailure,False,4.850651628365944,16.422331209779436,7
953,CommunicationLoss,True,3.7695800977179634,13.45434753378225,6
954,AnalyticsFailure,True,6.335950932596961,19.523551416473364,8
955,AnalyticsFailure,True,6.472575568583137,18.969034847176328,8
956,CommunicationLoss,True,3.933166275732025,13.270487003822966,6
957,SensorDrift,False,1.5671675395484808,6.741384576594336,4
958,SensorDrift,True,1.8284451790048508,6.454181443344322,4
959,CommunicationLoss,True,4.195130442436078,11.575091636718344,6
960,SensorDrift,True,1.7901543566168883,7.429125543736233,4
961,SensorDrift,True,1.6794483174035963,7.322780703411949,4
962,GatewayFailure,True,4.474830140183565,14.279449001198516,7
963,SensorDrift,False,1.8424711587916753,7.0583360235622425,4
964,AnalyticsFailure,True,5.9066589541552466,19.246419639657073,8
965,SensorDrift,True,1.7002236486858007,6.364489092968959,4
966,CommunicationLoss,True,4.126660933960433,12.868338116593897,6
967,CommunicationLoss,True,3.6899476133281564,11.538525887624475,6
968,GatewayFailure,False,5.04583736931021,16.511132416113554,7
969,SensorNoise,True,0.936396650903052,4.920556275736926,3
970,GatewayFailure,True,4.87272421214517,14.27182172282209,7
971,SensorDrift,True,1.5610050217719085,7.080468325400218,4
972,GatewayFailure,True,4.2872616186720816,15.934274103457536,7
973,InformationDelay,True,2.7923476270657024,9.55957563948661,4
974,ActuatorFailure,True,5.151352803321326,15.449280683786313,7
975,SensorDrift,True,1.6439656672795648,7.3049753488373845,4
976,SensorDrift,True,1.5851221927657597,6.3166660285238825,4
977,AnalyticsFailure,True,5.416059483359026,17.982152648699273,8
978,MissingData,True,2.3209105982606095,7.326834222290463,3
979,CommunicationLoss,True,4.129884563763826,13.924106392765582,6
980,MissingData,True,2.237793218028338,6.9036778801808,3
981,PacketDelay,True,2.9741921328260243,10.827207309989118,5
982,SensorDrift,True,1.6977787107294697,6.414948427683508,4
983,CommunicationLoss,True,3.7896099401545955,12.60178217181923,6
984,AnalyticsFailure,True,5.362821897649829,20.129307814889085,8
985,ActuatorFailure,True,5.231208134060351,18.088412730439444,7
986,PacketDelay,True,2.7874797924847337,9.292330433522796,5
987,CommunicationLoss,True,3.5537114284051907,11.557701833924959,6
988,SensorNoise,True,1.0410702346331038,4.927733309557977,3
989,SensorDrift,True,1.5670217995477123,7.471479845661058,4
990,InformationDelay,True,2.4400340778503997,9.650929022901733,4
991,SensorDrift,False,1.724576080051695,6.884560988555031,4
992,PacketDelay,True,3.1233542113712804,9.91478484109207,5
993,SensorNoise,False,1.074776444532395,4.919278287857329,3
994,SensorDrift,True,1.80889001237606,7.151481103458705,4
995,CommunicationLoss,True,3.4921682878882963,12.675582952745943,6
996,SensorNoise,True,1.093319219976525,4.925792697501136,3
997,CommunicationLoss,True,3.6030317074977574,12.008079999765284,6
998,CommunicationLoss,True,3.8795958127695496,13.972342361538823,6
999,SensorDrift,True,1.5598077120218083,7.104740827505065,4
