Episode,Fault,Stage,Success,MTTD,MTTR,Messages,Confidence
0,PacketDelay,AS2,True,2.132539422147911,6.959750440476404,7,0.6000000000000001
1,GatewayFailure,AS2,True,3.6205590700785826,9.942077087444549,9,0.6000000000000001
2,SensorNoise,AS1,True,0.7281674090071537,3.3605003006801843,5,0.6000000000000001
3,PacketDelay,AS2,True,2.1234572797131595,6.001887007977241,7,0.6000000000000001
4,CommunicationLoss,AS2,True,2.635823501529801,8.290364048823058,8,0.6000000000000001
5,SensorDrift,AS1,True,1.1519732386644963,4.12181350129758,6,0.6000000000000001
6,SensorNoise,AS1,True,0.6913060443065012,3.437000686342062,5,0.6800000000000002
7,CommunicationLoss,AS2,True,2.7336884127769308,9.021847211101935,8,0.6800000000000002
8,SensorNoise,AS1,True,0.6847193729674852,3.1879735757919097,5,0.7440000000000002
9,AnalyticsFailure,AS3,True,4.09170509455852,12.186237997960264,10,0.6000000000000001
10,AnalyticsFailure,AS3,False,4.345884413333047,12.349071348873567,10,0.4
11,PacketDelay,AS2,True,2.0913455667177843,7.087705484012391,7,0.6800000000000002
12,SensorNoise,AS1,False,0.650208053696903,3.5885254437134844,5,0.7452000000000002
13,ActuatorFailure,AS5,True,3.8983977336784235,11.43037782855096,9,0.6000000000000001
14,SensorDrift,AS1,True,1.1374394301511275,4.243021207768114,6,0.6800000000000002
15,SensorDrift,AS1,True,1.235693121598827,4.231411610172497,6,0.7440000000000002
16,PacketDelay,AS2,True,2.0857217080996593,6.999717940802428,7,0.7440000000000002
17,GatewayFailure,AS2,True,3.181353967960612,9.312192432686656,9,0.6800000000000002
18,ActuatorFailure,AS5,True,3.7737017126758716,9.935683782202773,9,0.6800000000000002
19,SensorDrift,AS1,True,1.2528028650598133,4.21976921300681,6,0.7952000000000001
20,AnalyticsFailure,AS3,True,4.1994132451902315,12.474151278012874,10,0.6800000000000002
21,CommunicationLoss,AS2,True,2.873659647433872,9.019738640963068,8,0.7440000000000002
22,SensorDrift,AS1,True,1.1203760750283698,4.659578452631199,6,0.8361600000000002
23,AnalyticsFailure,AS3,True,4.190185709853472,13.10889652306037,10,0.7440000000000002
24,ModelDrift,AS3,True,4.376382769517501,11.969294718914783,11,0.6000000000000001
25,MissingData,AS1,True,1.550464663017946,5.2116954551363,5,0.6000000000000001
26,PacketDelay,AS2,True,1.9872020246725275,6.873463824088567,7,0.7952000000000001
27,SensorDrift,AS1,True,1.169568166244835,4.503695007571587,6,0.8689280000000001
28,SensorNoise,AS1,True,0.7175813981215428,3.2919838934420276,5,0.7561600000000002
29,GatewayFailure,AS2,True,2.977821638964409,9.958246940746468,9,0.7440000000000002
30,PacketDelay,AS2,True,1.8971998909930194,7.013367531606361,7,0.8361600000000002
31,CommunicationLoss,AS2,True,2.921277617639334,7.601577107345913,8,0.7952000000000001
32,SensorDrift,AS1,True,1.2287474021788645,4.18212801275692,6,0.8951424000000001
33,SensorNoise,AS1,True,0.6593787711092787,3.6031365441380308,5,0.7715946666666669
34,PacketDelay,AS2,True,2.182839252761454,6.3359665252487,7,0.8689280000000001
35,SensorNoise,AS1,True,0.6614640727815038,3.2203142546782786,5,0.7887043047619049
36,AnalyticsFailure,AS3,True,4.37038992601605,11.090100416464042,10,0.7952000000000001
37,SensorNoise,AS1,False,0.6957029688468825,3.6150372873712624,5,0.780963443809524
38,InformationDelay,AS4,True,1.9508947975584765,5.723017461492231,6,0.6000000000000001
39,SensorNoise,AS1,True,0.7296169171666506,3.1489227347875457,5,0.7803263106031748
40,MissingData,AS1,True,1.4341119041278474,4.992600391342304,5,0.6800000000000002
41,SensorDrift,AS1,True,1.0837579428460642,4.142299141560434,6,0.6000000000000001
42,SensorNoise,AS1,True,0.7662099438410597,3.5830574605671974,5,0.78426104848254
43,GatewayFailure,AS2,True,3.3440193071281117,10.591896002073065,9,0.7952000000000001
44,ModelDrift,AS3,True,4.68849236551959,13.832927251230702,11,0.6800000000000002
45,MissingData,AS1,True,1.3735283073055586,5.1930019956423354,5,0.7440000000000002
46,CommunicationLoss,AS2,True,2.8828843151111143,7.986978031683925,8,0.8361600000000002
47,AnalyticsFailure,AS3,True,4.113230561419527,12.762002897037801,10,0.8361600000000002
48,SensorDrift,AS1,True,1.3182206108281913,4.391731041377499,6,0.9161139200000001
49,AnalyticsFailure,AS3,True,4.142752274841218,12.534861556573349,10,0.8689280000000001
50,CommunicationLoss,AS2,True,2.589504919580741,7.831642139156379,8,0.6000000000000001
51,MissingData,AS1,True,1.4639999979250367,5.231051379051521,5,0.7952000000000001
52,CommunicationLoss,AS2,False,2.6247781231815925,7.5760087073487945,8,0.8355946666666669
53,PacketDelay,AS2,True,2.2097655263044085,6.074945466629485,7,0.8951424000000001
54,PacketDelay,AS2,True,2.123933713532916,6.616421919901806,7,0.9161139200000001
55,AnalyticsFailure,AS3,True,4.281416626441157,12.788341712691796,10,0.8951424000000001
56,SensorDrift,AS1,True,1.1730718942508145,4.034535574897101,6,0.6800000000000002
57,SensorDrift,AS1,True,1.314761535363333,4.463325179059596,6,0.9328911360000001
58,ActuatorFailure,AS5,True,3.33996484245078,10.56248878382515,9,0.7440000000000002
59,ActuatorFailure,AS5,True,3.4386925475537304,10.55945495862744,9,0.6000000000000001
60,CommunicationLoss,AS2,True,2.939880039640953,8.614484096551728,8,0.839904304761905
61,ModelDrift,AS3,True,4.759547167589466,12.237692347796985,11,0.7440000000000002
62,AnalyticsFailure,AS3,True,4.486955244846355,11.809333693875859,10,0.9161139200000001
63,SensorDrift,AS1,True,1.1833478930273214,4.684711011323091,6,0.9463129088000002
64,CommunicationLoss,AS2,True,2.5922350537267267,8.420298592843192,8,0.8469234438095241
65,CommunicationLoss,AS2,True,2.5259241265123356,8.082095311197614,8,0.8553165328253971
66,SensorDrift,AS1,True,1.23189659087242,4.8116315152255735,6,0.9570503270400001
67,ModelDrift,AS3,True,4.589088140605648,13.954687643627443,11,0.7952000000000001
68,SensorNoise,AS1,True,0.6767712070143275,3.6281948509820943,5,0.7910452024223957
69,ModelDrift,AS3,False,4.345839464328322,13.799843280454597,11,0.7961600000000002
70,SensorDrift,AS1,True,1.2795076340904867,4.020859631305112,6,0.7440000000000002
71,AnalyticsFailure,AS3,True,4.3453012280122545,11.226813476925145,10,0.9328911360000001
72,SensorDrift,AS1,True,1.1169943762694055,4.332352600502876,6,0.9656402616320001
73,InformationDelay,AS4,True,1.8352561877110936,6.149515263251769,6,0.6800000000000002
74,SensorNoise,AS1,True,0.7732272563249325,3.24607845692937,5,0.7995028286045833
75,ActuatorFailure,AS5,True,3.745176686680027,11.687053346493789,9,0.7952000000000001
76,GatewayFailure,AS2,True,3.0421838206612293,9.40149731831291,9,0.8361600000000002
77,ActuatorFailure,AS5,True,3.271893619340051,12.063938053094363,9,0.6000000000000001
78,CommunicationLoss,AS2,True,2.836448699973987,9.018432683227816,8,0.8642532262603178
79,SensorDrift,AS1,True,1.1332802590918714,4.617230664316879,6,0.7952000000000001
80,SensorDrift,AS1,True,1.1330476166828487,4.289225219668434,6,0.9725122093056002
81,CommunicationLoss,AS2,False,2.8028361450899504,7.673729138591857,8,0.8550389446446179
82,CommunicationLoss,AS2,True,2.589533399079939,8.943903448707246,8,0.8506978223823611
83,SensorDrift,AS1,True,1.2552361735254678,4.266529214042898,6,0.9780097674444803
84,SensorNoise,AS1,True,0.7230405354912679,3.1998781957795273,5,0.8088330321144359
85,ModelDrift,AS3,True,4.754349305526563,12.057340257709454,11,0.8035946666666669
86,CommunicationLoss,AS2,True,2.4421959622096807,7.991078613468636,8,0.8497890271366582
87,PacketDelay,AS2,True,2.280567427525209,6.91744611979995,7,0.9328911360000001
88,CommunicationLoss,AS2,True,2.6087344139987114,8.128509482975776,8,0.851259793137898
89,SensorNoise,AS1,True,0.7386854859185298,3.093015370687217,5,0.8184949971201203
90,AnalyticsFailure,AS3,True,4.399406230418756,13.027095646094722,10,0.9463129088000002
91,SensorDrift,AS1,True,1.0810680103982726,4.149020572461861,6,0.9824078139555843
92,MissingData,AS1,True,1.5888024152723637,5.026574426149835,5,0.8361600000000002
93,CommunicationLoss,AS2,True,2.627528235882758,7.75017255399345,8,0.8543411678436518
94,PacketDelay,AS2,True,2.0955832710984375,7.215009647932824,7,0.9463129088000002
95,SensorDrift,AS1,True,1.174210561371454,4.060524224535925,6,0.9859262511644675
96,AnalyticsFailure,AS3,True,3.924923110928686,12.520085046801658,10,0.9570503270400001
97,SensorNoise,AS1,True,0.7329842445567569,3.413592653933209,5,0.8281293310294296
98,CommunicationLoss,AS2,True,2.493152408144206,8.040955017091113,8,0.8584729342749216
99,CommunicationLoss,AS2,True,2.752069941419723,8.373429974042784,8,0.8632489356552314
100,CommunicationLoss,AS2,False,2.7201848057989313,8.941615644579226,8,0.8572658151908519
101,CommunicationLoss,AS2,True,2.6944066941437925,7.656489282911365,8,0.8542337047842604
102,SensorDrift,AS1,True,1.0928667030314008,4.275954471510805,6,0.988741000931574
103,ActuatorFailure,AS5,True,3.9339569443787563,11.011963643407475,9,0.6800000000000002
104,SensorDrift,AS1,True,1.1797513044657868,4.699104785849077,6,0.99
105,CommunicationLoss,AS2,True,2.8597756803853107,7.7888736853893725,8,0.8533869638274084
106,InformationDelay,AS4,True,1.6805552318771664,5.998358878600874,6,0.6000000000000001
107,MissingData,AS1,True,1.5149178553614155,4.567078885339103,5,0.8689280000000001
108,SensorNoise,AS1,True,0.7665527243516496,3.212128769589578,5,0.8375034648235438
109,SensorNoise,AS1,True,0.726674871559963,3.6232519803986114,5,0.6000000000000001
110,SensorDrift,AS1,False,1.2603229187384812,4.221983862890547,6,0.9814736842105264
111,SensorNoise,AS1,True,0.6981950846624132,3.50904086617685,5,0.8464733600941292
112,CommunicationLoss,AS2,True,2.848841090935618,7.815960991355024,8,0.8541381424904981
113,GatewayFailure,AS2,True,3.2014163551352333,10.317292839797725,9,0.8689280000000001
114,SensorDrift,AS1,True,1.2683638343929404,4.675906281635982,6,0.9751789473684211
115,CommunicationLoss,AS2,True,2.7174316305800224,8.40981518170959,8,0.8560377867196712
116,SensorDrift,AS1,False,1.1502323275017736,4.464007310235963,6,0.961095538847118
117,ModelDrift,AS3,True,5.184149077028985,14.032077591504118,11,0.814304304761905
118,CommunicationLoss,AS2,True,2.6522619604776434,7.522821712774055,8,0.8587432728539979
119,CommunicationLoss,AS2,True,2.808770324794073,7.643939912780877,8,0.8619946182831983
120,CommunicationLoss,AS2,True,2.5636795596122424,8.816866833461724,8,0.8655956946265587
121,PacketDelay,AS2,True,2.1536813847271694,6.4352274727570205,7,0.6800000000000002
122,PacketDelay,AS2,True,2.212931378626077,6.471763020758404,7,0.9570503270400001
123,InformationDelay,AS4,True,1.9358342484598279,5.99518173538005,6,0.7440000000000002
124,PacketDelay,AS2,True,2.2549412604059045,7.0582608703314955,7,0.9656402616320001
125,SensorNoise,AS1,True,0.7394170385572069,3.4302107253404492,5,0.8549564658530813
126,SensorDrift,AS1,True,1.1754518083652794,4.811953150466725,6,0.9506946128958762
127,CommunicationLoss,AS2,True,2.6043471807785745,7.892928575406193,8,0.869399632624324
128,SensorDrift,AS1,True,1.2691928768344038,4.746856099073931,6,0.8361600000000002
129,SensorDrift,AS1,True,1.2681335428417364,4.364431951152739,6,0.6000000000000001
130,CommunicationLoss,AS2,False,2.6682944123932706,7.426115286994972,8,0.8658900764698296
131,InformationDelay,AS4,True,1.9375731950551194,5.810257260295472,6,0.7952000000000001
132,ModelDrift,AS3,True,4.409606385144625,12.831549412168771,11,0.8264434438095241
133,SensorNoise,AS1,True,0.7414432141172559,3.0041796015321123,5,0.8629125411035177
134,AnalyticsFailure,AS3,True,4.414395011936731,11.928738876627941,10,0.9656402616320001
135,PacketDelay,AS2,True,2.0902588174695844,6.115163725492783,7,0.9725122093056002
136,PacketDelay,AS2,True,1.8939005179955533,6.858188181620226,7,0.9780097674444803
137,InformationDelay,AS4,True,1.7720330161590214,5.604931932821999,6,0.8361600000000002
138,InformationDelay,AS4,True,1.8830748174350294,5.568936876243904,6,0.8689280000000001
139,SensorNoise,AS1,True,0.6677466184430705,3.4804839192094126,5,0.8703300328828142
140,GatewayFailure,AS2,True,3.015151660964902,10.025316604649872,9,0.8951424000000001
141,SensorNoise,AS1,True,0.7520302117964625,3.3845328253049964,5,0.6800000000000002
142,GatewayFailure,AS2,True,3.4231336721179884,10.61272579871226,9,0.9161139200000001
143,PacketDelay,AS2,False,2.137621045459836,6.44692212033292,7,0.969074480622251
144,CommunicationLoss,AS2,True,2.505508301956986,7.881996633958995,8,0.8641406326044352
145,InformationDelay,AS4,True,1.836002832201307,6.180187649687785,6,0.8951424000000001
146,SensorDrift,AS1,True,1.2834941050655904,4.539396725674927,6,0.943164385968875
147,AnalyticsFailure,AS3,True,4.207998955536358,12.699781611174627,10,0.9725122093056002
148,SensorDrift,AS1,True,1.198773052786384,4.059214423091352,6,0.9378648421084333
149,PacketDelay,AS2,False,2.1118803303931974,7.230559971153204,7,0.9502595844978009
150,SensorDrift,AS1,True,1.1116758913758484,4.717516323464339,6,0.9342918736867468
151,CommunicationLoss,AS2,False,2.7987887064613104,8.683497797527718,8,0.8568297474628586
152,CommunicationLoss,AS2,True,2.4390122769562623,7.536428739300066,8,0.8521304646369536
153,SensorDrift,AS1,True,1.3076831992673101,4.310218021018933,6,0.9320488835647821
154,CommunicationLoss,AS2,True,2.844239400359491,8.123899138033298,8,0.849446307193434
155,CommunicationLoss,AS2,True,2.720333893393467,7.676922732277378,8,0.8483070457547472
156,CommunicationLoss,AS2,True,2.9561292275514632,7.681372266523867,8,0.8483426063007675
157,MissingData,AS1,True,1.5789672393378462,5.098341137649456,5,0.8951424000000001
158,ModelDrift,AS3,True,4.739986601328552,14.397049858530432,11,0.8389325328253971
159,PacketDelay,AS2,True,2.278343656826639,6.093102287638567,7,0.9366782558335349
160,MissingData,AS1,True,1.3858329020723663,5.1558216010469184,5,0.9161139200000001
161,ActuatorFailure,AS5,True,3.616563861164454,11.62257162339624,9,0.7440000000000002
162,InformationDelay,AS4,True,1.8899194982737648,6.501886668244042,6,0.9161139200000001
163,ModelDrift,AS3,True,4.641610585263547,13.013416863069153,11,0.8511460262603178
164,ModelDrift,AS3,True,5.256048564267052,13.536686678852625,11,0.862735002826436
165,SensorDrift,AS1,True,1.0933053866021811,4.716236608764976,6,0.930824292037011
166,AnalyticsFailure,AS3,True,4.531185472921181,12.521371444382696,10,0.9780097674444803
167,AnalyticsFailure,AS3,True,3.7821575450673093,12.968027402075286,10,0.9824078139555843
168,SensorNoise,AS1,True,0.7031490443089055,3.0690558810391595,5,0.7440000000000002
169,MissingData,AS1,True,1.5158594365487592,5.359808192825919,5,0.9328911360000001
170,ModelDrift,AS3,True,4.628929933893179,12.978917420043475,11,0.8735213355944822
171,SensorDrift,AS1,True,1.0986928967920588,4.288071186729319,6,0.9303737193438946
172,MissingData,AS1,False,1.4038033050816918,5.25129463926417,5,0.9263129088000002
173,SensorNoise,AS1,True,0.6579254070392753,3.2769621574251455,5,0.8772164072586324
174,MissingData,AS1,True,1.4481902765178358,5.002560481370827,5,0.9228685088581821
175,ModelDrift,AS3,True,5.029992947264081,12.520421742981423,11,0.6000000000000001
176,MissingData,AS1,True,1.6493361348791717,5.223127096395703,5,0.9216281404198791
177,PacketDelay,AS2,False,2.224308887295077,6.13874761736705,7,0.9160092713334946
178,InformationDelay,AS4,True,1.8489390622246762,6.28408757561006,6,0.6800000000000002
179,ModelDrift,AS3,True,5.048571987085131,12.873365552435637,11,0.8834324530909704
180,SensorDrift,AS1,True,1.1292466494974156,4.825141852867511,6,0.9305058720268399
181,SensorDrift,AS1,True,1.313414216632174,4.0852886669803725,6,0.9310713642881386
182,MissingData,AS1,True,1.619186241579438,4.969561626307117,5,0.9219178969512879
183,CommunicationLoss,AS2,True,2.956259586690855,7.565088988902208,8,0.8492623203347318
184,MissingData,AS1,True,1.3724491452989633,5.017142521006317,5,0.6000000000000001
185,SensorNoise,AS1,True,0.6820951298028332,3.142254019689583,5,0.8835913076250879
186,SensorDrift,AS1,True,1.2481741455171702,4.607110524528484,6,0.9319538656240594
187,MissingData,AS1,True,1.3724062307407439,4.655685500016442,5,0.9232486032753161
188,InformationDelay,AS4,True,1.675947798475897,5.64389372664672,6,0.9328911360000001
189,PacketDelay,AS2,True,2.11508831061781,7.2133178333703025,7,0.9012284696983747
190,GatewayFailure,AS2,True,3.1449052317637074,9.14742884158368,9,0.9328911360000001
191,CommunicationLoss,AS2,True,2.876248811487411,8.574848672341178,8,0.850838427696357
192,MissingData,AS1,True,1.4483380976654376,4.545300774753435,5,0.9252655492869196
193,CommunicationLoss,AS2,True,2.7072682247045137,8.542352572031968,8,0.852892964379308
194,CommunicationLoss,AS2,True,2.4467843304137302,8.092247173637839,8,0.8552873444764194
195,PacketDelay,AS2,True,1.9949381038530516,6.549897088516636,7,0.8909827757586998
196,PacketDelay,AS2,True,1.9159010574874014,6.97086719138167,7,0.8842147920355312
197,CommunicationLoss,AS2,False,2.64631417722262,8.557370682358675,8,0.8526509282127145
198,MissingData,AS1,False,1.6252285744534742,4.529237308886515,5,0.5800000000000001
199,CommunicationLoss,AS2,True,2.778832923616863,8.760342797730162,8,0.8513515118009409
200,CommunicationLoss,AS2,False,2.8667990925836335,7.627170637774832,8,0.8460812094407528
201,PacketDelay,AS2,True,2.2351078686435595,6.4613982684529345,7,0.7440000000000002
202,AnalyticsFailure,AS3,True,3.9251580579378635,11.409612976447466,10,0.9859262511644675
203,PacketDelay,AS2,True,2.261037995535323,5.9857372657255885,7,0.8800991063556978
204,CommunicationLoss,AS2,True,2.5893567880198467,8.104787140388673,8,0.8427186260891877
205,SensorDrift,AS1,True,1.1719236662457633,4.328926642652772,6,0.8689280000000001
206,PacketDelay,AS2,True,1.9946420571574335,7.252195206127033,7,0.8779923285628192
207,AnalyticsFailure,AS3,True,4.436809244150157,11.759051305806908,10,0.42000000000000004
208,SensorDrift,AS1,True,1.299042483983608,4.4021060648784935,6,0.9330630924992476
209,ActuatorFailure,AS5,True,3.669923773986805,9.964467613180597,9,0.7952000000000001
210,CommunicationLoss,AS2,True,2.8666730971293664,8.203279235762084,8,0.840841567538017
211,GatewayFailure,AS2,True,3.1236230044277513,9.226057120399668,9,0.9463129088000002
212,CommunicationLoss,AS2,True,2.7181923648774178,8.730541399966762,8,0.84011511449553
213,SensorDrift,AS1,False,1.3074725947727173,4.466609055585597,6,0.9282686558175799
214,ModelDrift,AS3,True,5.217797790807883,14.497670671279604,11,0.892460248187062
215,AnalyticsFailure,AS3,True,4.047123669365172,12.676214344712024,10,0.988741000931574
216,SensorDrift,AS1,True,1.2488286919007792,4.269480290665118,6,0.9249678658305346
217,SensorDrift,AS1,False,1.2808072417760006,4.673153023539717,6,0.9171171498072849
218,InformationDelay,AS4,True,1.6832004363578341,5.490936126852121,6,0.9463129088000002
219,CommunicationLoss,AS2,True,2.4407611145398183,8.213681830474197,8,0.8402739097782422
220,PacketDelay,AS2,True,2.2287070735902015,6.38980193843214,7,0.8773938628502554
221,ActuatorFailure,AS5,True,3.8651163106634017,10.031023118259075,9,0.8361600000000002
222,PacketDelay,AS2,True,1.94949411902751,6.086415181438288,7,0.8779150902802044
223,AnalyticsFailure,AS3,True,3.8409265490905664,12.594981983299958,10,0.99
224,ModelDrift,AS3,False,4.6430986282951725,12.731672459544486,11,0.887301531882983
225,CommunicationLoss,AS2,True,2.665908926781974,8.479788885899577,8,0.8411080167114827
226,AnalyticsFailure,AS3,False,4.3740336538385165,12.249985089439274,10,0.9814736842105264
227,AnalyticsFailure,AS3,True,4.079733459558481,12.500586640128937,10,0.9751789473684211
228,PacketDelay,AS2,True,2.1982778888133865,6.328762789428978,7,0.8792551491472406
229,CommunicationLoss,AS2,False,2.942297006318947,8.071142355008043,8,0.4
230,SensorNoise,AS1,True,0.6526631149815005,3.367576520517641,5,0.8894817417522443
231,MissingData,AS1,False,1.4162685751311037,5.014894743659117,5,0.9152124394295358
232,SensorDrift,AS1,True,1.0986735932314322,4.265192909721241,6,0.6800000000000002
233,MissingData,AS1,True,1.6389238873617187,5.268445187374027,5,0.9086405397789228
234,GatewayFailure,AS2,True,3.191594647279201,8.932563328185086,9,0.9570503270400001
235,CommunicationLoss,AS2,True,2.6192598274245507,8.72358301004959,8,0.8424516307604906
236,CommunicationLoss,AS2,True,2.825595627029335,9.024018011424381,8,0.6800000000000002
237,SensorDrift,AS1,True,1.1708910179458223,4.44050109155704,6,0.8951424000000001
238,MissingData,AS1,True,1.6092152161405733,5.099459867482343,5,0.9046902096009161
239,ModelDrift,AS3,True,5.087226783126086,11.96820975645303,11,0.8848412255063864
240,CommunicationLoss,AS2,True,2.4865515261893583,7.988983531897318,8,0.8441740705658394
241,SensorNoise,AS1,False,0.6588003486303587,3.5916105347332508,5,0.8865853934017955
242,ModelDrift,AS3,True,5.265865056135497,14.23811709578652,11,0.8843435686404033
243,CommunicationLoss,AS2,True,2.782962994643289,8.427074082330561,8,0.8461725897860048
244,CommunicationLoss,AS2,True,2.540997257427686,7.738474025020836,8,0.7440000000000002
245,CommunicationLoss,AS2,True,2.8241859630619564,7.862686869427462,8,0.8483666432573753
246,MissingData,AS1,True,1.3648906329115529,5.021052109779165,5,0.9026995361017855
247,GatewayFailure,AS2,True,2.9725182776318486,9.083504151427805,9,0.6000000000000001
248,InformationDelay,AS4,True,1.792918223082147,5.5623541459526145,6,0.9570503270400001
249,InformationDelay,AS4,True,1.9717407705597354,6.018020487881905,6,0.9656402616320001
250,SensorDrift,AS1,True,1.1930266687079016,4.7474921853968155,6,0.9161139200000001
251,SensorDrift,AS1,True,1.1730065080849192,4.2864980618598585,6,0.9328911360000001
252,SensorDrift,AS1,True,1.09070806192749,4.346971572110438,6,0.9463129088000002
253,MissingData,AS1,True,1.5192739763743568,4.604619367679304,5,0.9021596288814285
254,CommunicationLoss,AS2,False,2.615647348734865,8.318390859909936,8,0.32000000000000006
255,AnalyticsFailure,AS3,True,4.245025601172644,12.92472914276121,10,0.9706193483709274
256,SensorNoise,AS1,True,0.7251140753249659,3.542150049045672,5,0.8852683147214365
257,SensorNoise,AS1,True,0.7165817684757315,3.0221103328508954,5,0.8851377287002262
258,CommunicationLoss,AS2,True,2.7011347939704264,8.910750851428126,8,0.8506933146059004
259,ActuatorFailure,AS5,True,3.686596642331498,10.164620124461955,9,0.8689280000000001
260,SensorNoise,AS1,True,0.7897489905958752,3.6116288197029203,5,0.8858879607379588
261,AnalyticsFailure,AS3,True,3.8458295585971713,12.543163635832457,10,0.4693333333333334
262,AnalyticsFailure,AS3,True,3.904217730616412,12.330015324235596,10,0.9674045696058329
263,SensorDrift,AS1,True,1.2737624807363963,4.036584147971327,6,0.9570503270400001
264,PacketDelay,AS2,False,2.2497821558714244,6.625988394355533,7,0.8737744896881628
265,SensorDrift,AS1,True,1.2295339028613141,4.419854569195833,6,0.7440000000000002
266,CommunicationLoss,AS2,True,2.51002786029846,8.395091319914291,8,0.8531036712925635
267,CommunicationLoss,AS2,True,2.929461210050008,8.353428203137584,8,0.855559860110974
268,AnalyticsFailure,AS3,True,4.229932124162571,11.722163412157466,10,0.9652280035107533
269,PacketDelay,AS2,True,2.093945612760259,6.743830040577215,7,0.8704481631791017
270,AnalyticsFailure,AS3,True,3.900836243326406,12.36294573908722,10,0.9638490694752694
271,ActuatorFailure,AS5,True,3.7371699030031045,10.008440146153045,9,0.8361600000000002
272,CommunicationLoss,AS2,True,2.631117975793226,7.98247903435444,8,0.8580327937491565
273,CommunicationLoss,AS2,True,2.88513714705016,8.8410873923354,8,0.8605003090733994
274,MissingData,AS1,True,1.4183872240805302,4.752475643042305,5,0.9026800840575239
275,SensorDrift,AS1,True,1.1570083956767678,4.601343483677209,6,0.9656402616320001
276,SensorDrift,AS1,True,1.1307337205054153,4.685093102144525,6,0.9114714976236058
277,ModelDrift,AS3,True,5.152501411728217,14.047485915931937,11,0.8852526326901005
278,AnalyticsFailure,AS3,True,4.376038294626087,11.866192041250116,10,0.5254666666666667
279,MissingData,AS1,True,1.5206016898802255,4.626999982452659,5,0.903962249064201
280,PacketDelay,AS2,True,1.9142035566626932,5.983653778750541,7,0.8687723236467296
281,CommunicationLoss,AS2,True,2.5375192770954063,8.032780680498373,8,0.8629457018041741
282,SensorDrift,AS1,True,1.3015376564095131,4.559433437190173,6,0.9725122093056002
283,AnalyticsFailure,AS3,True,4.154726883390325,13.2144593154383,10,0.9630792555802155
284,CommunicationLoss,AS2,True,2.615894462081025,8.8071287209236,8,0.8653565614433394
285,PacketDelay,AS2,True,1.9279646068791239,5.976234646665057,7,0.8683511922507171
286,GatewayFailure,AS2,True,3.484687889194828,9.334350802876653,9,0.9656402616320001
287,SensorDrift,AS1,True,1.1296154366774862,4.533396852913248,6,0.9780097674444803
288,PacketDelay,AS2,True,2.296198109406088,6.840503645626794,7,0.8688745021876705
289,CommunicationLoss,AS2,True,2.7546166532670484,7.438965149739538,8,0.8677238456458997
290,MissingData,AS1,True,1.441637909515367,5.412354198934693,5,0.9057784949035348
291,AnalyticsFailure,AS3,True,4.096239379907641,11.73387626223844,10,0.9627710967718647
292,SensorNoise,AS1,True,0.7455162465197731,3.5140451421706382,5,0.8872817971617957
293,SensorNoise,AS1,True,0.7288498248846624,3.361889878079095,5,0.7952000000000001
294,CommunicationLoss,AS2,True,2.690138746160805,7.979868028914896,8,0.870041145482237
295,MissingData,AS1,False,1.4330654790874129,5.10455840918409,5,0.8996227959228279
296,ModelDrift,AS3,True,4.500825677990408,13.245655065930283,11,0.8871494745731331
297,CommunicationLoss,AS2,True,2.6482131501785395,7.952316468009703,8,0.3226666666666667
298,AnalyticsFailure,AS3,True,4.617874043645769,11.517811579963015,10,0.5803733333333334
299,SensorNoise,AS1,True,0.653085936695005,3.437325513188075,5,0.8891357825570229
300,CommunicationLoss,AS2,True,2.8223369333536876,7.791899270060844,8,0.8723041028264676
301,SensorDrift,AS1,True,1.2975663613212132,4.55124425884692,6,0.9824078139555843
302,CommunicationLoss,AS2,True,2.8839448950820556,8.871216394164483,8,0.8745099489278408
303,PacketDelay,AS2,True,2.201185934458925,6.897246360980079,7,0.8700996017501365
304,CommunicationLoss,AS2,True,2.941338625304734,8.909325410453928,8,0.8766571394701416
305,SensorDrift,AS1,True,1.133598702092546,4.726860364304745,6,0.9859262511644675
306,CommunicationLoss,AS2,True,2.6307085120730247,8.391191647091393,8,0.8787450664148231
307,MissingData,AS1,False,1.6099180109077622,5.0327388735451555,5,0.8876982367382624
308,CommunicationLoss,AS2,True,2.70025778222606,8.85637129525208,8,0.8807738309096363
309,CommunicationLoss,AS2,True,2.45919346414699,8.834495621165518,8,0.882744064727709
310,MissingData,AS1,True,1.4727575540256312,5.01870955209372,5,0.8793893586213792
311,SensorNoise,AS1,True,0.6935592179014141,3.4423411810326243,5,0.8913086260456183
312,SensorNoise,AS1,True,0.7388687192058282,3.0867040159318844,5,0.8936920621268173
313,MissingData,AS1,True,1.4128147105005233,5.220806848607359,5,0.5973333333333334
314,SensorDrift,AS1,True,1.268450617367451,4.646182161550794,6,0.988741000931574
315,SensorNoise,AS1,True,0.7098350001133134,3.2531567960762713,5,0.8962036497014539
316,ActuatorFailure,AS5,True,3.383578260884244,10.720823091940217,9,0.6800000000000002
317,SensorNoise,AS1,True,0.7679849279855852,3.0957806285606675,5,0.898781101579345
318,SensorDrift,AS1,True,1.1397175494902116,4.5703017775099495,6,0.99
319,GatewayFailure,AS2,True,3.302202075932344,9.516107882340998,9,0.6800000000000002
320,SensorNoise,AS1,True,0.7136533889234646,3.3133903520822843,5,0.8361600000000002
321,CommunicationLoss,AS2,False,2.8008612835225093,7.645752559717813,8,0.8815798671667826
322,PacketDelay,AS2,True,2.2050485445494874,6.157646231736775,7,0.871837257157685
323,SensorDrift,AS1,False,1.0845899359495967,4.157402799724852,6,0.9814736842105264
324,CommunicationLoss,AS2,True,2.441833166915432,8.257645365065523,8,0.8810214694910019
325,CommunicationLoss,AS2,True,2.8577486637247818,8.044067513915135,8,0.8809365785778762
326,SensorDrift,AS1,True,1.2295523465548521,4.482653179729869,6,0.9751789473684211
327,SensorNoise,AS1,True,0.6549458481321034,3.0464212853839387,5,0.9013778224399467
328,SensorDrift,AS1,True,1.193855121198657,4.094751846349505,6,0.9075555764772631
329,CommunicationLoss,AS2,True,2.5926028855686676,8.51674655054969,8,0.8812198510975952
330,CommunicationLoss,AS2,True,2.757042541938962,7.651319812916685,8,0.8817874750809748
331,SensorDrift,AS1,True,1.2282475092132112,4.208781955989682,6,0.7952000000000001
332,SensorDrift,AS1,True,1.2261604342456152,4.6446038466053805,6,0.9706193483709274
333,SensorDrift,AS1,True,1.1659012407721938,4.320585482864895,6,0.9674045696058329
334,PacketDelay,AS2,True,2.2723497835340463,6.848429168401094,7,0.8739403939614422
335,AnalyticsFailure,AS3,True,3.7907094970656323,11.105386871655657,10,0.9628094700100844
336,CommunicationLoss,AS2,True,2.696816175584033,8.991585925956342,8,0.882572837207637
337,SensorNoise,AS1,True,0.7782882312897479,3.3952622824353416,5,0.9039594008091002
338,MissingData,AS1,True,1.4292375068313121,4.504579393854818,5,0.8738818572674738
339,PacketDelay,AS2,True,2.2479444480094184,6.415483356551133,7,0.8762951723120109
340,InformationDelay,AS4,True,1.6617243793174583,6.475007539819383,6,0.9725122093056002
341,PacketDelay,AS2,True,2.168609111546155,6.165076204790417,7,0.8788139156273866
342,PacketDelay,AS2,True,2.151158953999653,7.099587709364665,7,0.8814295108802876
343,SensorNoise,AS1,False,0.6743331965237246,3.234513159425297,5,0.900945298425058
344,SensorDrift,AS1,True,1.1725717175422354,4.708590988672195,6,0.9652280035107533
345,CommunicationLoss,AS2,True,2.8603311607991198,7.611543318023116,8,0.883523058498504
346,SensorNoise,AS1,True,0.6629346872263252,3.5714096624396388,5,0.8689280000000001
347,SensorNoise,AS1,True,0.7110954439200574,3.3734732844727904,5,0.8951424000000001
348,GatewayFailure,AS2,True,3.539300011185902,10.652301488073935,9,0.9725122093056002
349,SensorDrift,AS1,True,1.1959391175277196,4.389548043753095,6,0.9638490694752694
350,InformationDelay,AS4,True,1.6428009767396794,6.237518018336803,6,0.9780097674444803
351,CommunicationLoss,AS2,True,2.7134016725008596,8.651979290332429,8,0.884596224576581
352,PacketDelay,AS2,True,2.291419800678899,7.092549504090525,7,0.8840909771252828
353,AnalyticsFailure,AS3,True,4.299320773482348,11.93749193520357,10,0.9631047188652104
354,SensorDrift,AS1,True,1.2392905545406858,4.524435918470409,6,0.9630792555802155
355,CommunicationLoss,AS2,True,2.9117134160802323,8.43630811862673,8,0.8857591714420868
356,CommunicationLoss,AS2,True,2.703006488817756,8.199326745462324,8,0.886985715532048
357,PacketDelay,AS2,True,2.205600600439997,6.363236636504362,7,0.8867599611874059
358,InformationDelay,AS4,True,1.802494559587347,6.111099639374123,6,0.9824078139555843
359,CommunicationLoss,AS2,True,2.4725685217075872,8.157911646158109,8,0.8882552390923051
360,ModelDrift,AS3,True,4.749185395117246,12.193386089421592,11,0.6800000000000002
361,PacketDelay,AS2,True,1.9331101950216643,6.484286882931726,7,0.8894079689499248
362,SensorDrift,AS1,True,1.2700279884413541,4.807590698486405,6,0.9627710967718647
363,ActuatorFailure,AS5,True,3.6448794519076713,11.340111163834063,9,0.8951424000000001
364,CommunicationLoss,AS2,True,2.875667934934114,8.772371332852654,8,0.8895515596948967
365,CommunicationLoss,AS2,True,2.844404855926851,8.414919400071135,8,0.8908620269766967
366,InformationDelay,AS4,True,1.78291168422288,5.562898797011206,6,0.9859262511644675
367,ActuatorFailure,AS5,True,3.8375163976567683,12.02175410359955,9,0.8689280000000001
368,PacketDelay,AS2,True,2.184880342369194,6.0004271050086455,7,0.8920141800379887
369,ActuatorFailure,AS5,True,3.774607841070909,10.800263665879633,9,0.7440000000000002
370,MissingData,AS1,True,1.3862237422098582,5.2986724280489055,5,0.8705340572425506
371,MissingData,AS1,True,1.4071736292171209,4.789554213111759,5,0.8688410388974889
372,ModelDrift,AS3,True,5.06125936669174,13.069332135971667,11,0.8897195796585066
373,CommunicationLoss,AS2,True,2.5027034477925416,8.248067259469309,8,0.8921768010685369
374,SensorNoise,AS1,True,0.768789519937764,3.2887350959337116,5,0.8991346171184249
375,AnalyticsFailure,AS3,True,3.9288500483418027,12.29010161340411,10,0.9635872233680305
376,CommunicationLoss,AS2,True,2.6391990127791596,8.41590093597893,8,0.8934882762978675
377,SensorNoise,AS1,True,0.7033914199790934,3.6164705017353294,5,0.9161139200000001
378,ActuatorFailure,AS5,False,3.4369890335683997,12.019905782895457,9,0.8911139200000002
379,ModelDrift,AS3,True,4.44803695777545,12.969648048212116,11,0.8927280446791863
380,PacketDelay,AS2,True,2.0155435166812783,6.865972489737749,7,0.894563724982772
381,CommunicationLoss,AS2,True,2.9351765218297694,8.468762419436985,8,0.8947906210382941
382,CommunicationLoss,AS2,True,2.586912927558795,7.9947344084826595,8,0.8960794104108822
383,PacketDelay,AS2,True,2.163036282878931,7.20499091770286,7,0.8970463288234269
384,SensorNoise,AS1,True,0.6944229212275951,3.046167466507193,5,0.9328911360000001
385,InformationDelay,AS4,True,1.8254297499311158,6.252260258043183,6,0.988741000931574
386,ModelDrift,AS3,True,5.1277337303202355,12.634849867794962,11,0.8960006175615309
387,SensorDrift,AS1,True,1.2054551966902085,3.982239484303936,6,0.9628094700100844
388,GatewayFailure,AS2,True,3.101935595394713,10.395366336966706,9,0.9780097674444803
389,CommunicationLoss,AS2,True,2.565302944027419,8.809979993867532,8,0.8973513332067546
390,SensorDrift,AS1,True,1.2608625475308397,3.988429617253248,6,0.9631047188652104
391,CommunicationLoss,AS2,True,2.829325939293339,8.851988450587596,8,0.3581333333333334
392,PacketDelay,AS2,True,1.989790098477806,6.975285468189571,7,0.8994552448769235
393,CommunicationLoss,AS2,True,2.7888265270394768,8.953699938428487,8,0.8986039581316688
394,CommunicationLoss,AS2,True,2.9569442699103083,7.940879068476147,8,0.8998355474577161
395,CommunicationLoss,AS2,True,2.5396671002738422,8.858602436173902,8,0.7952000000000001
396,ActuatorFailure,AS5,True,3.402394918324576,11.294334686921419,9,0.8951424000000001
397,CommunicationLoss,AS2,True,2.7477280836937736,8.643442553621446,8,0.9010449085544082
398,MissingData,AS1,False,1.4080493136365213,4.899326773178962,5,0.8617394977846577
399,ModelDrift,AS3,True,5.02567630658517,12.19509406176063,11,0.8994091897013987
400,AnalyticsFailure,AS3,True,4.001961260059892,11.279447816411006,10,0.9642031120277578
401,MissingData,AS1,True,1.5629067888948942,4.6082576408203035,5,0.6278666666666668
402,AnalyticsFailure,AS3,True,3.822718570603991,13.146364114682283,10,0.9649108767189805
403,GatewayFailure,AS2,True,3.2937636211614265,10.043900441298764,9,0.9824078139555843
404,ModelDrift,AS3,True,4.625144645157302,12.460699720728753,11,0.9028606850944524
405,CommunicationLoss,AS2,True,2.5160600659594152,8.32108225588582,8,0.40650666666666674
406,MissingData,AS1,True,1.6150190216601352,5.111701131675876,5,0.8571335337115972
407,CommunicationLoss,AS2,True,2.9431664692344817,8.445162991623008,8,0.9022312756807359
408,ModelDrift,AS3,True,5.042048406466006,13.594152299338893,11,0.906288548075562
409,CommunicationLoss,AS2,False,2.5597878532739586,8.484736187104932,8,0.901095365372175
410,ModelDrift,AS3,True,4.358282158488403,14.218142819756821,11,0.9096462230758343
411,SensorDrift,AS1,True,1.1072097666011023,4.185799689854748,6,0.9635872233680305
412,GatewayFailure,AS2,True,3.3094439809758893,9.917296474145372,9,0.7440000000000002
413,MissingData,AS1,True,1.5454584587943088,4.772109629577069,5,0.8544568269692778
414,CommunicationLoss,AS2,True,2.7179311439689884,8.459439575359438,8,0.45853866666666676
415,SensorDrift,AS1,True,1.131162031647475,4.563156561056557,6,0.9642031120277578
416,ModelDrift,AS3,True,5.115598724146435,14.199602291712399,11,0.9129021636458527
417,SensorDrift,AS1,True,1.276021043550523,4.023466034064174,6,0.9649108767189805
418,SensorDrift,AS1,True,1.1596116901121492,4.037018390182095,6,0.8361600000000002
419,CommunicationLoss,AS2,True,2.7313654708716175,8.373687785533606,8,0.9004217468431946
420,SensorDrift,AS1,True,1.173127824874745,4.514591192870694,6,0.9656787013751844
421,MissingData,AS1,True,1.5104503110183005,5.090008519016823,5,0.853262431272392
422,PacketDelay,AS2,True,2.1359553655916237,6.865164281425565,7,0.9017864181237611
423,ModelDrift,AS3,True,4.421890120195174,13.957394609829185,11,0.916036016630968
424,ActuatorFailure,AS5,True,3.514617773625862,11.708669214349918,9,0.890668913777778
425,ModelDrift,AS3,True,4.4509262019163645,12.912220372732536,11,0.9190357098564986
426,PacketDelay,AS2,True,2.2932563913337827,6.130179709445198,7,0.9040378301511829
427,PacketDelay,AS2,True,2.223907191337633,6.902708441132916,7,0.9062089875252017
428,ActuatorFailure,AS5,True,3.6385374151902803,11.121153440408579,9,0.9161139200000001
429,CommunicationLoss,AS2,True,2.64280411846982,8.328416992817193,8,0.5096880761904763
430,AnalyticsFailure,AS3,True,4.402801605753444,12.646768379003712,10,0.9656787013751844
431,CommunicationLoss,AS2,True,2.889787779724437,7.660050943237355,8,0.9001126783734321
432,InformationDelay,AS4,True,1.7109870400276588,5.583693275969052,6,0.99
433,MissingData,AS1,False,1.3663164917783166,5.198531396039175,5,0.8473158273708548
434,SensorNoise,AS1,True,0.7408331299957016,3.0182754176246434,5,0.9463129088000002
435,CommunicationLoss,AS2,False,2.5366054999218743,8.382982828124346,8,0.8978679204765235
436,CommunicationLoss,AS2,True,2.7924996055212272,7.811979200430769,8,0.8963163144031969
437,SensorDrift,AS1,True,1.156268624936094,4.356568460829143,6,0.9664823550395415
438,PacketDelay,AS2,True,2.135351371794983,6.686528650434745,7,0.9083005233534948
439,PacketDelay,AS2,True,2.0698891050430284,5.946378085117367,7,0.9103138880705509
440,CommunicationLoss,AS2,True,2.829500756606853,8.144604709047986,8,0.895313921087775
441,SensorNoise,AS1,True,0.7535480825882037,3.5494046474752556,5,0.9570503270400001
442,CommunicationLoss,AS2,True,2.5949547700804807,8.335258513164327,8,0.894745760526134
443,ModelDrift,AS3,True,5.128121275524731,14.14700405017891,11,0.9218952345518656
444,InformationDelay,AS4,True,1.7147644742136898,6.517466356815465,6,0.99
445,SensorDrift,AS1,True,1.2839009454974741,4.515831315125905,6,0.9673035310904567
446,ActuatorFailure,AS5,True,3.79382418352981,10.368073509587854,9,0.9328911360000001
447,PacketDelay,AS2,True,2.265474092509343,6.652373794191907,7,0.9122511104564408
448,PacketDelay,AS2,True,2.054849305255628,7.116697557711835,7,0.9141146138553488
449,AnalyticsFailure,AS3,True,3.8924602579351437,12.102718074733,10,0.9664823550395415
450,ActuatorFailure,AS5,False,3.2476260119462643,10.425537769984901,9,0.9263129088000002
451,SensorDrift,AS1,True,1.2441987976417128,4.62634134272069,6,0.9681285391580797
452,CommunicationLoss,AS2,True,2.7358329174839287,8.358590679526568,8,0.8945200126762264
453,ActuatorFailure,AS5,True,3.58812245932375,10.689350185460773,9,0.7952000000000001
454,SensorDrift,AS1,True,1.0950866787392326,4.285102963193777,6,0.9689472757709082
455,SensorNoise,AS1,True,0.7787125573305064,3.208425900609355,5,0.9656402616320001
456,InformationDelay,AS4,True,1.636717484700424,6.631513636296356,6,0.99
457,AnalyticsFailure,AS3,True,4.217953239472183,12.897746116681835,10,0.9673035310904567
458,AnalyticsFailure,AS3,True,4.237254052154233,11.310716555800411,10,0.9681285391580797
459,PacketDelay,AS2,True,2.164401349553877,7.042819169333171,7,0.9159070756996637
460,SensorNoise,AS1,True,0.778642909408342,3.3108053762305967,5,0.9725122093056002
461,PacketDelay,AS2,True,2.0944818563231538,6.576385318421328,7,0.9176313209370894
462,PacketDelay,AS2,True,1.9483666889723945,6.15859968560627,7,0.9192902419348569
463,MissingData,AS1,True,1.4134551312407266,4.64003661905068,5,0.8435669476109695
464,SensorDrift,AS1,True,1.1083992534776503,4.162704772687406,6,0.9697524152113213
465,GatewayFailure,AS2,True,3.287800988597061,9.858052992585764,9,0.9859262511644675
466,InformationDelay,AS4,True,1.6280805737355448,5.497204640915551,6,0.7440000000000002
467,GatewayFailure,AS2,True,3.385496680426182,8.987597913174177,9,0.988741000931574
468,SensorNoise,AS1,True,0.7808323493743345,3.3109828571411772,5,0.8982550621157926
469,CommunicationLoss,AS2,True,2.774316261634639,8.87453982187251,8,0.8945633785620338
470,AnalyticsFailure,AS3,True,4.575693249643064,11.414156071298363,10,0.9689472757709082
471,InformationDelay,AS4,True,1.7934006236598194,5.710430215930492,6,0.99
472,ActuatorFailure,AS5,True,3.830726289693958,10.300145134114219,9,0.8361600000000002
473,GatewayFailure,AS2,True,3.4479632867313192,9.588489123629458,9,0.99
474,AnalyticsFailure,AS3,True,3.973043581230175,11.822817756235272,10,0.9697524152113213
475,ActuatorFailure,AS5,True,3.73274483846316,11.718331208296378,9,0.8925351310222225
476,AnalyticsFailure,AS3,False,4.537350903424535,12.341549388427056,10,0.9652756163795834
477,ModelDrift,AS3,True,5.042287824994443,12.12602150971529,11,0.9246129618350409
478,ActuatorFailure,AS5,False,3.628285910157976,9.9026404527823,9,0.9046866906763639
479,SensorDrift,AS1,True,1.1835592380560236,4.3302019376004655,6,0.9705387742743202
480,SensorDrift,AS1,True,1.182949503474509,4.785811032548727,6,0.9713028142912511
481,CommunicationLoss,AS2,False,2.619279619441077,8.752624714175614,8,0.8927340361829604
482,CommunicationLoss,AS2,True,2.7411052411255765,8.127057504809702,8,0.8915068165752345
483,SensorDrift,AS1,True,1.2984204856021166,4.033759471247157,6,0.9720422514330009
484,CommunicationLoss,AS2,True,2.569214687213833,7.434024599344251,8,0.8907564736683509
485,InformationDelay,AS4,True,1.807114264388307,5.898786156862982,6,0.99
486,PacketDelay,AS2,True,2.0617149324130515,6.080689845713286,7,0.920886739002431
487,InformationDelay,AS4,True,1.7140690421148514,6.09368691796444,6,0.99
488,PacketDelay,AS2,True,2.3065554431517006,6.464639475618027,7,0.9224236769162306
489,SensorDrift,AS1,True,1.213815042047145,4.117273246093001,6,0.9727557523659129
490,MissingData,AS1,True,1.6465524792074855,5.026874641559369,5,0.8415202247554423
491,SensorDrift,AS1,True,1.1131364444285612,4.72017086342103,6,0.9734426971308257
492,ModelDrift,AS3,True,5.071784889931522,14.386007271015194,11,0.9271903694680328
493,MissingData,AS1,True,1.5858243368680132,5.247845196016658,5,0.8407837473719215
494,PacketDelay,AS2,True,1.9118621747755258,6.453616858372337,7,0.9239038538136863
495,CommunicationLoss,AS2,True,2.874557951379398,8.203253289145767,8,0.8903829567124586
496,ModelDrift,AS3,True,4.532899434834731,12.091304904876921,11,0.7440000000000002
497,AnalyticsFailure,AS3,True,4.606936404530271,12.375796729534448,10,0.9619640828472564
498,InformationDelay,AS4,True,1.8350901229730745,6.5893161879931865,6,0.99
499,SensorDrift,AS1,True,1.1853532916498966,4.137502373669293,6,0.9741029949139629
500,SensorNoise,AS1,True,0.6891849376860522,2.992182171921531,5,0.9780097674444803
501,ActuatorFailure,AS5,True,3.4068031004290042,10.272862361988826,9,0.8689280000000001
502,SensorDrift,AS1,False,1.0800689452451095,4.098551389548344,6,0.9701914868402612
503,CommunicationLoss,AS2,True,2.620688938212525,8.07698614313449,8,0.890306365369967
504,SensorDrift,AS1,True,1.2568621296351348,4.0203831113046125,6,0.9672643005833201
505,SensorDrift,AS1,True,1.279143552587832,4.765207897074376,6,0.9651157882927431
506,InformationDelay,AS4,True,1.719542825530964,6.1786997236706265,6,0.99
507,SensorDrift,AS1,True,1.2179776132189957,4.189774604991307,6,0.9635819923363222
508,PacketDelay,AS2,False,1.9204021076212157,6.328412408297919,7,0.9218817037406043
509,SensorDrift,AS1,True,1.3096102439004662,4.730979480693899,6,0.9625322605357245
510,SensorNoise,AS1,True,0.7479636280518672,3.6075966007178506,5,0.9824078139555843
511,AnalyticsFailure,AS3,True,4.416277559439206,13.21619771522991,10,0.9595712662778051
512,SensorDrift,AS1,True,1.220838364115995,3.9840686138282253,6,0.9618625431224571
513,CommunicationLoss,AS2,True,2.8558742500608187,7.788630832857686,8,0.5577504609523811
514,MissingData,AS1,True,1.473727791656805,4.80456530281409,5,0.8410480505291161
515,AnalyticsFailure,AS3,True,4.001213740770045,11.585240790583812,10,0.9579009154612685
516,SensorNoise,AS1,True,0.6972469744305919,3.33600399266721,5,0.9859262511644675
517,ActuatorFailure,AS5,True,3.397367616324929,11.162167762160053,9,0.8951424000000001
518,AnalyticsFailure,AS3,True,4.561414421233081,11.35020534476324,10,0.9567969228452053
519,PacketDelay,AS2,True,1.9916637374948851,6.290335092790037,7,0.9205562104501106
520,SensorDrift,AS1,True,1.2807203303908055,4.2733040885424325,6,0.9614900344979658
521,AnalyticsFailure,AS3,True,4.347682184896282,12.49548626953549,10,0.956135212694769
522,CommunicationLoss,AS2,True,2.7223959354856335,7.494734159106146,8,0.8904629140781519
523,SensorDrift,AS1,True,1.198161690649011,4.827117969805515,6,0.9613488903434707
524,SensorDrift,AS1,True,1.1977932843855712,4.826267320756249,6,0.961386804582469
525,CommunicationLoss,AS2,True,2.549930102863099,8.376497557473227,8,0.8908017038115412
526,CommunicationLoss,AS2,True,2.6882928413705036,8.317267110226515,8,0.8912821397482621
527,CommunicationLoss,AS2,False,2.80062286912641,7.713420597496431,8,0.8899487887216867
528,CommunicationLoss,AS2,True,2.6784381186250723,8.562197405948423,8,0.8891018881202065
529,InformationDelay,AS4,True,1.7371570319695535,6.186461496597745,6,0.99
530,GatewayFailure,AS2,True,3.12651184065498,9.843263822182143,9,0.99
531,CommunicationLoss,AS2,True,2.699335808969506,7.772378595482583,8,0.8886400010622031
532,SensorDrift,AS1,True,1.2850382609377966,4.206073988055002,6,0.9615622738546545
533,AnalyticsFailure,AS3,True,4.463920157878777,12.634373411784152,10,0.9558172610649062
534,PacketDelay,AS2,True,2.24964967027285,6.1988034426608225,7,0.9197783016934219
535,GatewayFailure,AS2,True,3.2821714361886762,8.929289736372846,9,0.99
536,SensorDrift,AS1,True,1.2943848982740462,4.514973746351646,6,0.9618424116763162
537,MissingData,AS1,True,1.4959860592336227,4.703464293155947,5,0.8420692096540623
538,SensorDrift,AS1,True,1.2457303622305547,4.012832012397135,6,0.9622012020683258
539,PacketDelay,AS2,True,2.154542129192105,6.533808361164206,7,0.9194291987317867
540,MissingData,AS1,True,1.5181050104442795,5.377526130019992,5,0.8436553677232499
541,CommunicationLoss,AS2,True,2.619588864508115,8.546316654899288,8,0.8884820943077064
542,SensorDrift,AS1,False,1.2359677159472662,4.43382566387649,6,0.959046675940375
543,ModelDrift,AS3,True,4.632086675213762,13.227573547415313,11,0.9296310834532141
544,CommunicationLoss,AS2,True,2.4723400615586213,8.43754522444877,8,0.888563453223943
545,CommunicationLoss,AS2,False,2.8988591312653633,8.481958076974253,8,0.8869975515699802
546,MissingData,AS1,True,1.5336930414400347,4.855724992904155,5,0.8456560014956732
547,MissingData,AS1,True,1.4184653818163622,4.768709459278606,5,0.6622933333333335
548,PacketDelay,AS2,True,2.1607506031251793,6.298047493783781,7,0.9194143267273649
549,ActuatorFailure,AS5,False,3.5014786849803086,11.191223501757223,9,0.8911139200000002
550,SensorDrift,AS1,True,1.1241326877848121,3.980328961238527,6,0.9567110249628263
551,SensorDrift,AS1,True,1.3057049609611189,4.576613297013722,6,0.9550239923840542
552,GatewayFailure,AS2,True,3.037986147277545,9.036308951190499,9,0.99
553,AnalyticsFailure,AS3,True,3.8021465272276425,11.850770300239613,10,0.9557649199630361
554,CommunicationLoss,AS2,False,2.763775172709287,7.564113589975789,8,0.7961600000000002
555,PacketDelay,AS2,True,1.986329501300354,6.9136230612927045,7,0.9196584455088761
556,MissingData,AS1,True,1.5080227013793241,4.623901904436093,5,0.8479533726251101
557,ModelDrift,AS3,True,5.198661491812715,14.16159661395139,11,0.9319401608802184
558,ActuatorFailure,AS5,True,3.9130974515984835,11.106799603839656,9,0.8958462866359598
559,MissingData,AS1,True,1.5117862705373093,5.039922617313328,5,0.8504557213559021
560,SensorDrift,AS1,True,1.290550490434142,4.342780086849963,6,0.9538497023818197
561,SensorNoise,AS1,True,0.7788849338441509,3.287890110583462,5,0.988741000931574
562,MissingData,AS1,True,1.4597349965845134,4.712208973498347,5,0.6965013333333334
563,SensorDrift,AS1,True,1.1625323801399985,4.372894200614743,6,0.9530797619054558
564,CommunicationLoss,AS2,True,2.941357056408787,8.212160666244905,8,0.8859616776196205
565,AnalyticsFailure,AS3,True,4.0260549949220055,11.449541252316365,10,0.9559162837965159
566,PacketDelay,AS2,True,2.062929065007777,6.679931753404294,7,0.920101756407101
567,SensorDrift,AS1,True,1.2569082849848108,4.302956477470813,6,0.9526277439505942
568,GatewayFailure,AS2,True,3.2486779926174374,9.384332393578351,9,0.99
569,InformationDelay,AS4,True,1.9107269785539274,6.273414751358009,6,0.99
570,SensorDrift,AS1,True,1.2741140757837688,4.323355411331658,6,0.9524247758056367
571,CommunicationLoss,AS2,True,2.586381461617294,8.475872970754773,8,0.885345918672273
572,SensorDrift,AS1,True,1.2294609072661329,4.12525470943873,6,0.9524160111206998
573,SensorDrift,AS1,True,1.0853114125477152,4.815652692392474,6,0.8689280000000001
574,MissingData,AS1,True,1.4815249906341146,4.463122048456091,5,0.8530918498119945
575,MissingData,AS1,True,1.4525738561605879,4.763460918351025,5,0.855806813182929
576,MissingData,AS1,True,1.489105340161029,5.2385104671226435,5,0.858558494024604
577,AnalyticsFailure,AS3,True,4.579380995055391,11.025612793452582,10,0.9562223887393405
578,ModelDrift,AS3,True,4.494339589063112,14.244645302755119,11,0.7952000000000001
579,SensorDrift,AS1,True,1.0830277170931606,4.817646682530405,6,0.9525578088965599
580,PacketDelay,AS2,False,2.2994883299324185,6.266254092258641,7,0.9176198666641424
581,CommunicationLoss,AS2,True,2.827074300768508,7.580034501551684,8,0.8850624492235327
582,CommunicationLoss,AS2,False,2.6401263987122388,9.01100292924777,8,0.8832711983168793
583,CommunicationLoss,AS2,True,2.823248022070381,8.653795554837172,8,0.8820555551447316
584,AnalyticsFailure,AS3,False,4.3163568101153,11.37091118896181,10,0.597632
585,MissingData,AS1,True,1.415336474716531,4.566799174723076,5,0.8613148803260663
586,SensorNoise,AS1,True,0.6720998913227931,3.152226028933376,5,0.99
587,CommunicationLoss,AS2,True,2.4348221221802446,7.4942890588848075,8,0.8812966180288289
588,SensorDrift,AS1,True,1.223090948143587,4.286830823706846,6,0.9528154778864788
589,ActuatorFailure,AS5,False,3.733880143504025,10.644528612851108,9,0.8833436959754346
590,SensorDrift,AS1,True,1.094412560569838,4.272855554276898,6,0.953161473218274
591,InformationDelay,AS4,True,1.658660996297731,6.035289887126807,6,0.99
592,AnalyticsFailure,AS3,False,4.321502622929409,11.730508928070751,10,0.9524779109914725
593,MissingData,AS1,True,1.356405849805288,4.828991247077181,5,0.8640519042608531
594,CommunicationLoss,AS2,True,2.451323813066357,8.590932865231299,8,0.8808993633885804
595,SensorDrift,AS1,True,1.1976220789964958,4.458697525890407,6,0.9535739546940223
596,CommunicationLoss,AS2,True,2.682933149402404,8.856642035929314,8,0.8807878667792405
597,CommunicationLoss,AS2,True,2.516585440912793,8.301376760049106,8,0.8809014798640704
598,SensorDrift,AS1,True,1.209985428512894,4.359589502220105,6,0.9540356343434532
599,CommunicationLoss,AS2,True,2.82617518037698,8.88183841467565,8,0.8811917721265505
600,InformationDelay,AS4,True,1.8432710326162216,5.833039854112375,6,0.99
601,CommunicationLoss,AS2,True,2.87228685624335,7.738284596537912,8,0.8816200843679071
602,GatewayFailure,AS2,True,3.0717267991945585,9.470595585396499,9,0.99
603,SensorNoise,AS1,True,0.6618609068046575,3.4048680799008064,5,0.99
604,SensorDrift,AS1,True,1.122873312008666,3.9875209034817636,6,0.9545328553008495
605,SensorDrift,AS1,True,1.0876361159759977,4.524741467952309,6,0.9550548556692511
606,AnalyticsFailure,AS3,True,4.304135206558583,12.318528207237806,10,0.9497374308339944
607,SensorDrift,AS1,True,1.2522828466967475,3.971515776653482,6,0.9555931803100488
608,SensorNoise,AS1,True,0.7816901355991251,3.51917128036001,5,0.99
609,CommunicationLoss,AS2,True,2.624900067607542,8.651737777502108,8,0.8821555716265571
610,ModelDrift,AS3,True,5.082479594052556,12.033912064540516,11,0.9341235572756034
611,SensorNoise,AS1,True,0.7537392487089031,3.5207412888152683,5,0.99
612,SensorDrift,AS1,True,1.2046764655657756,4.049078106270368,6,0.9561412109147057
613,CommunicationLoss,AS2,True,2.5342845018516753,8.508846247646652,8,0.8827736376291146
614,InformationDelay,AS4,True,1.8210324528046695,6.120351344662707,6,0.99
615,MissingData,AS1,True,1.5229690976991432,5.122747638107341,5,0.8667517274903151
616,SensorNoise,AS1,True,0.6629907451273541,3.4930246545304486,5,0.99
617,SensorNoise,AS1,True,0.7426845908669935,3.3223743148071034,5,0.99
618,PacketDelay,AS2,False,2.2690436876741433,6.666107371961559,7,0.9128837721191928
619,SensorDrift,AS1,True,1.1789623900011499,4.517251923523229,6,0.9566937906495728
620,CommunicationLoss,AS2,True,2.5599901803143186,8.325283295310896,8,0.8834546824610153
621,PacketDelay,AS2,True,2.2027229063713363,6.41521127931312,7,0.9094114953072947
622,ModelDrift,AS3,True,4.320187802741384,11.971510061882475,11,0.9361877347093717
623,SensorDrift,AS1,True,1.3184188822930893,4.225620655460511,6,0.9572469244115502
624,CommunicationLoss,AS2,True,2.8920890297744313,7.46080726290504,8,0.884183100807522
625,AnalyticsFailure,AS3,True,4.011803994864629,12.229864830950477,10,0.9477899446671956
626,MissingData,AS1,True,1.3964144358656267,4.492358937082932,5,0.8694013819922523
627,MissingData,AS1,True,1.4601248679078191,5.0313341492962715,5,0.871991693829096
628,SensorDrift,AS1,True,1.1020572291084894,4.311822458660433,6,0.9577975395292402
629,AnalyticsFailure,AS3,True,4.387807642465393,12.808828150240561,10,0.9464672498514035
630,PacketDelay,AS2,True,2.179629942440958,6.700626849545243,7,0.9069409609517182
631,PacketDelay,AS2,True,2.0161651666141753,6.904641957782286,7,0.9052629136889108
632,CommunicationLoss,AS2,True,2.4601982627645924,8.696987481055729,8,0.8849464806460177
633,CommunicationLoss,AS2,True,2.654921724813676,8.856921309969515,8,0.885734962294592
634,MissingData,AS1,True,1.5458337549481054,5.051278617973377,5,0.8745164319863539
635,CommunicationLoss,AS2,True,2.636542959580042,7.927892598250751,8,0.8865407257411855
636,CommunicationLoss,AS2,True,2.5107732103503424,8.253962657237935,8,0.8873575805929484
637,ActuatorFailure,AS5,True,3.958104458174672,12.036288538428813,9,0.8759057260111169
638,CommunicationLoss,AS2,True,2.4786447943741545,8.137693855748639,8,0.8881806381177696
639,SensorDrift,AS1,True,1.1606803627298088,4.378752095869689,6,0.958343294781287
640,ActuatorFailure,AS5,True,3.429041743138856,10.776759482204996,9,0.890668913777778
641,MissingData,AS1,True,1.578609875891069,4.931113276956255,5,0.876971636155121
642,MissingData,AS1,False,1.5213992048712806,5.010555933712698,5,0.8756513829981709
643,PacketDelay,AS2,True,1.991772338525135,6.291459359715424,7,0.9042103309511287
644,AnalyticsFailure,AS3,True,4.263855319285836,11.162322288793543,10,0.9456353383426613
645,SensorDrift,AS1,True,1.1257175379766315,4.263181920369059,6,0.9588824280328219
646,CommunicationLoss,AS2,True,2.5213978425661625,8.002032059555983,8,0.8890060489557542
647,SensorNoise,AS1,True,0.7377382305040796,3.260705859881783,5,0.99
648,MissingData,AS1,True,1.5556077682386804,4.609431305007312,5,0.8750665609439914
649,InformationDelay,AS4,True,1.7074973915637934,6.196412955532544,6,0.99
650,ActuatorFailure,AS5,True,3.4471332640192505,10.65519701932631,9,0.8925351310222225
651,SensorDrift,AS1,True,1.193085672896054,4.252051512777272,6,0.9594136347339498
652,MissingData,AS1,True,1.5139272641910595,5.1978515972649415,5,0.8750532487551932
653,PacketDelay,AS2,True,2.306766893858954,6.857493909614957,7,0.903649954901748
654,AnalyticsFailure,AS3,True,4.541073840240864,12.164853799084028,10,0.9451875159571479
655,PacketDelay,AS2,True,2.2214591676931175,6.755713504836646,7,0.903475519476954
656,CommunicationLoss,AS2,True,2.4345004546341507,8.066264492941016,8,0.8898307933630767
657,MissingData,AS1,True,1.5480301119988096,5.310639450824355,5,0.8754811954953826
658,ActuatorFailure,AS5,True,3.7075760242216043,10.408570964303198,9,0.8958462866359598
659,InformationDelay,AS4,True,1.6558573362633133,5.826701722863625,6,0.99
660,SensorDrift,AS1,True,1.1247401729802045,4.400572724124614,6,0.9599359710782992
661,SensorDrift,AS1,True,1.085157229971443,4.177705082979782,6,0.9604487768626394
662,AnalyticsFailure,AS3,True,4.110455846974911,11.269952706429816,10,0.9450389016546072
663,CommunicationLoss,AS2,False,2.767624723935546,7.814737863416902,8,0.8891373619631886
664,PacketDelay,AS2,True,2.2309950012418933,6.7660459201048075,7,0.9036023333897825
665,CommunicationLoss,AS2,True,2.8700236643463017,7.473618732451093,8,0.8887534985931074
666,SensorDrift,AS1,True,1.1164099633844844,4.749514277172871,6,0.9609516140827041
667,GatewayFailure,AS2,True,3.2222567004239093,10.811999273020254,9,0.99
668,CommunicationLoss,AS2,True,2.5528111078244446,7.821595333481451,8,0.8886147391729934
669,ActuatorFailure,AS5,True,3.895009483366203,10.624426424415203,9,0.9000103626421012
670,AnalyticsFailure,AS3,True,3.896404282510771,12.200076260979458,10,0.945122030414595
671,SensorNoise,AS1,True,0.6924957690473543,3.4353900159381667,5,0.99
672,MissingData,AS1,True,1.6487057400696026,5.421019139977913,5,0.8762470253618234
673,InformationDelay,AS4,True,1.95016036344243,5.829170415118748,6,0.99
674,MissingData,AS1,True,1.3855161872151536,4.769421613299305,5,0.8772688067301367
675,CommunicationLoss,AS2,True,2.84333490678736,8.877217635179152,8,0.8886695691161726
676,AnalyticsFailure,AS3,False,4.152123769121708,13.14971982902669,10,0.9418119100459618
677,ActuatorFailure,AS5,True,3.4371332385346967,11.614037346940146,9,0.9046236747290657
678,AnalyticsFailure,AS3,True,4.4204558863356915,12.37099546635904,10,0.9394144403174712
679,ModelDrift,AS3,True,4.541674894783693,12.492961890471047,11,0.9381393769566866
680,PacketDelay,AS2,True,2.1790193395877413,6.569114930458325,7,0.9039629477929071
681,CommunicationLoss,AS2,True,2.814490329107396,8.042033011865326,8,0.8888768317635264
682,GatewayFailure,AS2,True,3.0607583967454657,9.292654462367452,9,0.99
683,SensorNoise,AS1,True,0.6501620535050531,3.14810674374648,5,0.99
684,SensorNoise,AS1,True,0.7903070521146658,3.4701325492189152,5,0.99
685,AnalyticsFailure,AS3,True,4.60792721725255,12.988452186385423,10,0.9377384488057012
686,InformationDelay,AS4,True,1.7847161745990163,5.74360844744252,6,0.99
687,AnalyticsFailure,AS3,False,4.384968767336264,11.843844715057626,10,0.5923913142857143
688,InformationDelay,AS4,True,1.8130173786661252,6.221086527628433,6,0.99
689,SensorDrift,AS1,True,1.188386302215279,4.687768889460229,6,0.9614442180954317
690,SensorNoise,AS1,True,0.7226931819726017,3.2311033897796886,5,0.99
691,MissingData,AS1,True,1.5048380049284398,5.079342067561793,5,0.8784817120507761
692,MissingData,AS1,True,1.469411967436368,4.756508606344016,5,0.8798345499684898
693,AnalyticsFailure,AS3,True,4.134868233258371,12.373784955770223,10,0.9366314370106628
694,AnalyticsFailure,AS3,True,3.8994812797710776,12.898342280712468,10,0.9359718162751969
695,SensorDrift,AS1,True,1.1071611806984627,4.6452834048509155,6,0.9619264588136949
696,PacketDelay,AS2,True,1.9468288031599523,6.485898282728854,7,0.9045036915676591
697,AnalyticsFailure,AS3,True,4.27586499924331,12.614575226961255,10,0.9356626989217969
698,CommunicationLoss,AS2,False,2.5650444388017086,8.566333756745989,8,0.8877438011772446
699,InformationDelay,AS4,True,1.8786148990986828,5.594488502370875,6,0.99
700,SensorNoise,AS1,True,0.7002638480386447,3.3157194220036588,5,0.99
701,CommunicationLoss,AS2,True,2.7062998838016328,8.992093917085487,8,0.8870066351446944
702,SensorDrift,AS1,True,1.264382477708253,4.762782445363477,6,0.9623983099080988
703,SensorNoise,AS1,True,0.6696129217695137,3.5434202347356147,5,0.99
704,SensorDrift,AS1,True,1.1806996058965842,4.232376108784544,6,0.9628598243970674
705,PacketDelay,AS2,True,2.1531101968578423,6.095171251491274,7,0.9051819006225483
706,SensorDrift,AS1,True,1.229414478716962,4.182737658103875,6,0.9633111153316075
707,CommunicationLoss,AS2,True,2.723490626186322,7.434488405683439,8,0.8865837253819426
708,PacketDelay,AS2,True,2.13732217741741,6.567939826540164,7,0.9059637023162206
709,GatewayFailure,AS2,True,3.366067388835089,9.394532079448496,9,0.99
710,CommunicationLoss,AS2,True,2.7310762700652,8.786666632761078,8,0.8864098374484113
711,SensorNoise,AS1,True,0.7420718704630349,2.9942358942027925,5,0.99
712,SensorDrift,AS1,True,1.2811234645902254,4.222628561045064,6,0.9637523405411482
713,CommunicationLoss,AS2,True,2.9666169975418906,7.691203125260392,8,0.8035946666666669
714,SensorDrift,AS1,True,1.2479632358461066,4.463608677780858,6,0.9641836906147369
715,MissingData,AS1,True,1.5748004427082085,4.811586761118211,5,0.8812869948135016
716,SensorDrift,AS1,True,1.1574772442017247,4.749826203088959,6,0.9646053794580817
717,ActuatorFailure,AS5,True,3.8471829336608883,10.042836906345427,9,0.9094132254975383
718,GatewayFailure,AS2,True,3.537209241100522,9.56183288338456,9,0.99
719,AnalyticsFailure,AS3,True,3.955602823452094,11.030806701216934,10,0.935626933330986
720,SensorNoise,AS1,True,0.7241683137279395,3.027862029218805,5,0.99
721,AnalyticsFailure,AS3,True,4.4420752688383605,12.600469651482952,10,0.9358031339663762
722,SensorDrift,AS1,True,1.1423184094287,4.466125566330713,6,0.9650176368997987
723,CommunicationLoss,AS2,True,2.76171658965813,8.244054926987847,8,0.8864328344977362
724,AnalyticsFailure,AS3,True,4.458703502350466,13.02846610855134,10,0.936142507173101
725,ActuatorFailure,AS5,True,3.379359914668934,10.160055695867323,9,0.9141972470646974
726,PacketDelay,AS2,True,2.1997367177619735,6.213676703985222,7,0.9068222439042586
727,SensorDrift,AS1,True,1.0909181255110363,4.267692039111001,6,0.9654207029264323
728,SensorDrift,AS1,True,1.2337483946106202,4.567215014158425,6,0.9658148232107111
729,SensorDrift,AS1,True,1.152068158698123,4.4439943674583215,6,0.9662002456653431
730,ModelDrift,AS3,True,4.647707121820803,13.792407137021073,11,0.8361600000000002
731,InformationDelay,AS4,False,1.6898456087632874,6.453928613207517,6,0.9865945945945946
732,ActuatorFailure,AS5,True,3.58164032648521,9.9782281519505,9,0.918857797651758
733,SensorNoise,AS1,True,0.714328982833448,3.541048071342696,5,0.99
734,SensorNoise,AS1,True,0.7652399937779399,3.5823413846649674,5,0.99
735,ModelDrift,AS3,True,4.8623449353573145,13.670441729075668,11,0.9399851857758756
736,SensorNoise,AS1,True,0.7631330880219553,3.556099449882036,5,0.8980912291798137
737,CommunicationLoss,AS2,False,2.5814484154730972,7.4764357217371575,8,0.885202605626358
738,GatewayFailure,AS2,True,3.525987811457663,10.040543649489168,9,0.99
739,MissingData,AS1,True,1.6093781071506679,5.199024806582918,5,0.8828073736285791
740,CommunicationLoss,AS2,True,2.4470792365566534,8.107884786972527,8,0.8843858607248627
741,MissingData,AS1,True,1.4855718988838587,5.396219482269902,5,0.8843708989028632
742,AnalyticsFailure,AS3,True,3.874274268704215,12.789564439434532,10,0.9366063134307886
743,SensorDrift,AS1,True,1.1865057823169136,3.981942601674365,6,0.9665772178088703
744,CommunicationLoss,AS2,True,2.5327143064414153,8.949000667018657,8,0.8838975774687792
745,SensorDrift,AS1,True,1.2661279702079378,4.086099642195879,6,0.9669459847734121
746,PacketDelay,AS2,True,2.2839700156210485,6.833266821134022,7,0.9077362761360651
747,CommunicationLoss,AS2,True,2.678058941731584,8.60256769416434,8,0.8836697861129544
748,SensorDrift,AS1,True,1.2448925593759845,4.482973071092742,6,0.9673067878187297
749,MissingData,AS1,True,1.3638419310072873,4.970371934984017,5,0.8859582575838291
750,GatewayFailure,AS2,False,3.3511894907102433,9.528042938894963,9,0.9851034482758622
751,PacketDelay,AS2,True,1.9708691686418527,6.3051773910418465,7,0.9086890209088522
752,SensorNoise,AS1,True,0.6649417207782135,3.0685516770478145,5,0.99
753,SensorDrift,AS1,True,1.2143101832522047,4.050090257687779,6,0.9049918296028632
754,MissingData,AS1,True,1.4313156302457082,5.388845040554629,5,0.8875544848549421
755,ActuatorFailure,AS5,False,3.3633179823405657,10.58503063134237,9,0.9115568263567007
756,AnalyticsFailure,AS3,False,3.8226099943314655,10.960162300610396,10,0.9341335355931157
757,SensorDrift,AS1,True,1.0929119701733343,4.335289855784825,6,0.8951424000000001
758,SensorNoise,AS1,True,0.7333568962413354,3.5218751065096447,5,0.99
759,MissingData,AS1,True,1.4437321953453095,5.264267559246464,5,0.8891480654958941
760,PacketDelay,AS2,True,2.1140636701359536,7.2252600933467965,7,0.9096672661097978
761,InformationDelay,AS4,True,1.667446300934626,6.4285497314545825,6,0.984012517780939
762,CommunicationLoss,AS2,True,2.67601545220324,8.554388658428868,8,0.8836481576574868
763,CommunicationLoss,AS2,True,2.5551148753734085,7.79426084896282,8,0.8837892744253092
764,MissingData,AS1,True,1.6238584832030147,4.843156149175164,5,0.8907302171025977
765,SensorNoise,AS1,True,0.7615841337140946,3.5523865675504687,5,0.99
766,SensorDrift,AS1,True,1.1070928937520519,4.381213835521733,6,0.9161139200000001
767,CommunicationLoss,AS2,True,2.618252338814718,8.373219125793876,8,0.8840584465672744
768,InformationDelay,AS4,True,1.8771383110197843,5.57444736670183,6,0.9820818090965461
769,SensorNoise,AS1,True,0.691505010222758,3.2742434028129197,5,0.99
770,GatewayFailure,AS2,True,3.130836100292551,9.224860173376692,9,0.9814160919540231
771,ActuatorFailure,AS5,True,3.8260193075219027,11.200134437892785,9,0.9070232388631384
772,PacketDelay,AS2,True,2.220677243647906,6.658775481851815,7,0.910660642156131
773,SensorNoise,AS1,True,0.6592167939727668,3.5843697509904193,5,0.99
774,ModelDrift,AS3,True,4.888476609678809,13.102078266583371,11,0.9417317383642902
775,SensorDrift,AS1,True,1.1222817605281514,4.801177432813485,6,0.9676598632446745
776,ActuatorFailure,AS5,True,3.795367232786888,10.733604229392842,9,0.872153152237465
777,PacketDelay,AS2,True,1.9280238620295895,7.018484338696079,7,0.9116610438453867
778,CommunicationLoss,AS2,True,2.7735117228129003,7.425304161751108,8,0.8844279653075109
779,ModelDrift,AS3,True,4.830005588232302,12.909554223009279,11,0.9433853906914322
780,GatewayFailure,AS2,True,3.419801080071186,9.536863480161697,9,0.9786812606599928
781,AnalyticsFailure,AS3,True,4.035822111752193,13.1728665799406,10,0.9323814553401643
782,SensorDrift,AS1,True,1.1626235103433538,4.038572916036843,6,0.9680054416161478
783,AnalyticsFailure,AS3,True,4.119525829494111,11.198684786878994,10,0.9311992819191903
784,AnalyticsFailure,AS3,True,4.241063514746991,11.01856809304685,10,0.9304666719121639
785,MissingData,AS1,True,1.4577733891674094,5.307635361249649,5,0.8922943186096144
786,CommunicationLoss,AS2,True,2.809199816425804,8.075542734053759,8,0.8848757055793421
787,PacketDelay,AS2,True,2.050257318934648,6.659556800118129,7,0.9126621684096428
788,SensorDrift,AS1,True,1.1251744411386637,4.2984436507681645,6,0.9683437472323122
789,ActuatorFailure,AS5,True,3.351072449443482,12.094403294623037,9,0.9045659595115634
790,CommunicationLoss,AS2,True,2.468742838130371,7.450917868968794,8,0.885384008172083
791,AnalyticsFailure,AS3,True,4.146857497237467,13.286326693658363,10,0.930087623244017
792,SensorDrift,AS1,True,1.179805311906611,4.3613052158531,6,0.9686749977858498
793,PacketDelay,AS2,True,2.0687957517934175,6.177332537768786,7,0.9136591464924202
794,CommunicationLoss,AS2,True,2.6730247143488075,8.011256930399481,8,0.8859387854850349
795,SensorDrift,AS1,True,1.2187052401867335,4.705187420272855,6,0.968999404169274
796,AnalyticsFailure,AS3,True,4.1251037634783545,12.2117223500816,10,0.92998559155296
797,CommunicationLoss,AS2,True,2.7368007719588636,8.588056195215543,8,0.8865288061658058
798,AnalyticsFailure,AS3,True,4.360017702484527,11.233851701371737,10,0.9300995843534792
799,MissingData,AS1,True,1.64510051328819,5.226081119080083,5,0.8938354548876916
800,MissingData,AS1,True,1.6169746434913663,4.542561887225352,5,0.8953500540509983
801,MissingData,AS1,True,1.6381233140872058,4.532301099205266,5,0.8968355987963543
802,AnalyticsFailure,AS3,True,4.042499766014165,11.01771373858062,10,0.9303810373457971
803,SensorDrift,AS1,True,1.1925285144818452,4.411143537143831,6,0.9693171703942427
804,SensorDrift,AS1,True,1.1810438657157085,4.805311546179871,6,0.9696284935969476
805,PacketDelay,AS2,True,1.9048370208734384,7.1581811612015995,7,0.9146482474264943
806,CommunicationLoss,AS2,True,2.7344013875770514,7.526339309203216,8,0.8871451228547226
807,CommunicationLoss,AS2,True,2.4578747377873413,9.059101968492515,8,0.8877806144128104
808,SensorDrift,AS1,True,1.1488357570494894,4.032608946797273,6,0.9699335641083273
809,AnalyticsFailure,AS3,True,4.013392989424786,11.210743805991342,10,0.9307913163631242
810,AnalyticsFailure,AS3,True,3.7919305284529967,11.159949558386566,10,0.9312997197571661
811,SensorDrift,AS1,True,1.1162725472315949,4.353054787556789,6,0.9702325655723761
812,PacketDelay,AS2,True,2.1843254464805297,6.580092438151451,7,0.915626643918207
813,PacketDelay,AS2,True,2.0339961580433705,6.051409934736016,7,0.9165922242254747
814,CommunicationLoss,AS2,False,2.513241161199746,8.243314654693426,8,0.8871475684533253
815,PacketDelay,AS2,True,1.9899379244259021,6.521044211077086,7,0.9175434423017281
816,CommunicationLoss,AS2,True,2.826554999907239,7.9943749371144,8,0.8867881184569277
817,SensorNoise,AS1,True,0.6647031884756933,3.0806162618566297,5,0.99
818,PacketDelay,AS2,True,2.2033832290639417,6.9332047660473455,7,0.9184791982858269
819,CommunicationLoss,AS2,True,2.811028214474306,8.208072808260706,8,0.8866456846389599
820,CommunicationLoss,AS2,True,2.436406041651575,8.954917167988121,8,0.8866750382772057
821,PacketDelay,AS2,True,2.293940343578953,6.841396730406206,7,0.9193987432440462
822,ModelDrift,AS3,True,4.931927185205184,14.404324851548614,11,0.9449522149921703
823,GatewayFailure,AS2,True,3.5365147443108986,9.573235465103728,9,0.9766950085279943
824,ActuatorFailure,AS5,True,3.6606073203804397,10.914438905573878,9,0.8710558551233054
825,AnalyticsFailure,AS3,True,4.344387476850513,12.754603432802265,10,0.9318818810688908
826,MissingData,AS1,True,1.6479644540993497,4.765137129590932,5,0.8982903968453028
827,SensorDrift,AS1,True,1.0828707386456409,4.045974908338731,6,0.9705256750994105
828,SensorNoise,AS1,True,0.6795959509047576,3.1569760326016802,5,0.99
829,SensorDrift,AS1,True,1.0936516587826708,4.48284195257584,6,0.9708130634440144
830,ModelDrift,AS3,False,4.895409576688405,12.201525946477938,11,0.941676057708022
831,SensorNoise,AS1,True,0.7350747529469925,3.2181325704844332,5,0.99
832,AnalyticsFailure,AS3,True,4.454688055309795,11.337140051635535,10,0.9325184918680998
833,SensorDrift,AS1,True,1.1506964679961602,4.541220504819157,6,0.971094895199656
834,CommunicationLoss,AS2,True,2.9674335817191535,8.694442564282735,8,0.8868400306217646
835,CommunicationLoss,AS2,True,2.8458645893233885,7.849605382362336,8,0.8871117760502067
836,CommunicationLoss,AS2,False,2.4636891851329166,8.066174205756786,8,0.8862326307167087
837,InformationDelay,AS4,True,1.9126083109921166,5.660294678830323,6,0.9806654472772369
838,ActuatorFailure,AS5,True,3.3844817623452643,10.763795779590106,9,0.9036527676092508
839,CommunicationLoss,AS2,True,2.7219413646690693,8.136568401085867,8,0.8856732211377841
840,SensorDrift,AS1,True,1.1859796101726299,4.187916705689525,6,0.9713713290037616
841,CommunicationLoss,AS2,True,2.8228743818053754,8.707441322771501,8,0.8853678452029103
842,SensorNoise,AS1,True,0.7420126079038402,2.9705726436951,5,0.99
843,AnalyticsFailure,AS3,True,3.907350278109658,11.688190703758409,10,0.933194280673967
844,SensorDrift,AS1,True,1.3055786575752328,4.391797919428071,6,0.9034806431694701
845,GatewayFailure,AS2,True,3.4854184443958247,10.46505577608047,9,0.9752954007617894
846,MissingData,AS1,False,1.3863610950870302,4.984951035720794,5,0.7000582095238097
847,SensorDrift,AS1,False,1.152678738356736,4.008571312400697,6,0.969824335930282
848,MissingData,AS1,True,1.4596066084533028,5.2998086575516785,5,0.8997133985573234
849,SensorDrift,AS1,True,1.2625087394115473,4.215163627937865,6,0.9686522615370186
850,AnalyticsFailure,AS3,True,4.592710886915755,12.488976494537502,10,0.9338971966910724
851,AnalyticsFailure,AS3,True,3.869685134066033,12.556999049405846,10,0.934617757352858
852,SensorDrift,AS1,True,1.1851160998380021,4.12672875615321,6,0.9677789520867577
853,MissingData,AS1,True,1.496769765143322,4.517362704536407,5,0.9011040521791921
854,CommunicationLoss,AS2,True,2.718327625252866,8.801512982245042,8,0.8852639731320253
855,AnalyticsFailure,AS3,True,3.811115851141509,11.025651776472325,10,0.9353485268699407
856,PacketDelay,AS2,True,1.978904833786067,6.803081913596822,7,0.9203016032908893
857,CommunicationLoss,AS2,True,2.8999080159671444,8.310326299039822,8,0.8853196122405601
858,SensorDrift,AS1,True,1.0972880334321458,4.607204556797442,6,0.9671435156517071
859,AnalyticsFailure,AS3,True,3.9838533433458907,12.460063134252291,10,0.936083699544733
860,SensorDrift,AS1,True,1.297118964148767,4.682250516254109,6,0.9666972686617167
861,MissingData,AS1,True,1.6006056470968781,4.518318039176034,5,0.9024621891117748
862,SensorDrift,AS1,True,1.2227945777163063,4.5017531039871574,6,0.9664012931902429
863,CommunicationLoss,AS2,True,2.6121652795241874,8.804228314165906,8,0.8855011987744841
864,GatewayFailure,AS2,True,3.0497296101157603,10.264494999203196,9,0.9743539676682551
865,CommunicationLoss,AS2,True,2.950933890553377,7.776832531846882,8,0.8857819114005397
866,MissingData,AS1,True,1.368966566296098,4.726154423801783,5,0.9037879331076017
867,ActuatorFailure,AS5,False,3.6384535655290215,10.865054666519299,9,0.8737493525410912
868,AnalyticsFailure,AS3,True,4.444483928321214,12.419910963491416,10,0.9368187668647021
869,CommunicationLoss,AS2,True,2.9049985480529252,7.558192302737213,8,0.8861403220198402
870,ActuatorFailure,AS5,True,3.7488536988888987,11.206207151347499,9,0.9038745950397817
871,GatewayFailure,AS2,True,3.4928788717828048,9.85250469752304,9,0.9737688884203184
872,SensorDrift,AS1,True,1.1450279394204976,4.356368835289684,6,0.9662244828280565
873,SensorDrift,AS1,True,1.2460016567187688,4.484719334232811,6,0.9661419794248384
874,SensorDrift,AS1,True,1.1011250864753575,4.687305566435107,6,0.9661339225229215
875,SensorDrift,AS1,False,1.2138504968326789,4.128874518449656,6,0.9645037766737994
876,MissingData,AS1,False,1.5356762819630683,5.309103749495127,5,0.902517525973261
877,CommunicationLoss,AS2,True,2.6806766438184595,8.458666004522815,8,0.8865593164394016
878,CommunicationLoss,AS2,True,2.4908467260760885,7.671208738018961,8,0.8870252309292991
879,ModelDrift,AS3,False,4.797614244291714,12.301765326925938,11,0.9347361950036269
880,GatewayFailure,AS2,True,3.2103674255918158,9.324987710570172,9,0.9734595551806992
881,CommunicationLoss,AS2,True,2.910642980408224,8.172693585764423,8,0.8875271614876254
882,CommunicationLoss,AS2,True,2.720174745432878,7.685775257617696,8,0.8880564112710253
883,ActuatorFailure,AS5,True,3.291018838915653,10.417659628295056,9,0.9049178578500072
884,InformationDelay,AS4,True,1.7708638586964496,6.348974971763728,6,0.9796543090413017
885,CommunicationLoss,AS2,True,2.4894717487403106,7.800840405462726,8,0.8886060485570502
886,PacketDelay,AS2,True,1.9739814491400391,7.116601997697913,7,0.9211875191918513
887,ActuatorFailure,AS5,True,3.2791243362512583,10.858903133264711,9,0.9065429819321797
888,CommunicationLoss,AS2,True,2.526152813353824,8.041250385158268,8,0.8891705531313544
889,InformationDelay,AS4,True,1.9712001208744199,5.689675177830671,6,0.7952000000000001
890,AnalyticsFailure,AS3,True,3.830107444492784,11.220333628422653,10,0.9375502515869998
891,PacketDelay,AS2,True,1.9619045530210633,6.393520330862751,7,0.9220563983322044
892,MissingData,AS1,True,1.5868640895066382,5.086619221741204,5,0.9017608562216468
893,CommunicationLoss,AS2,True,2.953873354632318,8.835756635882028,8,0.8897455334141745
894,SensorNoise,AS1,True,0.7184467293929805,3.627138462683947,5,0.99
895,ModelDrift,AS3,True,4.588004043206004,13.807246872262743,11,0.9296071378210835
896,AnalyticsFailure,AS3,False,4.054928595757253,12.292310212688328,10,0.9359225542107764
897,SensorNoise,AS1,True,0.6694516370563259,3.3486425180200206,5,0.99
898,ActuatorFailure,AS5,True,3.2688422494658598,10.935435786944984,9,0.9085677188790772
899,MissingData,AS1,True,1.4937808017649872,5.2450373393273875,5,0.7100465676190478
900,PacketDelay,AS2,True,1.991014826855797,6.677202795699716,7,0.9229082765605003
901,SensorNoise,AS1,True,0.7847904809668134,3.057589921180515,5,0.99
902,InformationDelay,AS4,True,1.6526626217792544,6.0255373711849245,6,0.9789615424711366
903,SensorDrift,AS1,True,1.285901306695427,4.617612293017067,6,0.9632696880057062
904,SensorNoise,AS1,True,0.7591442411241072,3.5469713650946995,5,0.99
905,PacketDelay,AS2,True,2.0455765934531436,6.55287043935918,7,0.923743287915067
906,SensorDrift,AS1,True,1.0969676620689854,4.746222307442581,6,0.9623512875946476
907,GatewayFailure,AS2,True,3.466906087235071,10.292148867944398,9,0.7952000000000001
908,PacketDelay,AS2,True,1.9770014993163243,6.843758039376633,7,0.924561640641332
909,SensorDrift,AS1,True,1.3037383837487908,4.41296810293111,6,0.9616843087642428
910,CommunicationLoss,AS2,True,2.4578437922889136,8.056875741878338,8,0.8903275001776674
911,CommunicationLoss,AS2,True,2.524644397720793,8.347004255749596,8,0.814304304761905
912,AnalyticsFailure,AS3,True,3.951958578201092,13.264628925848976,10,0.9347845549965281
913,MissingData,AS1,True,1.4935480395049903,5.384756453147191,5,0.9014086849773175
914,InformationDelay,AS4,True,1.6955258312161448,6.346470224713327,6,0.9785180711862117
915,PacketDelay,AS2,True,2.0022902979813346,6.8378992953767375,7,0.9253635982273514
916,CommunicationLoss,AS2,True,2.6164223541639875,8.227274393494373,8,0.8909136855353923
917,InformationDelay,AS4,True,1.782712217744756,5.8904564806661295,6,0.8361600000000002
918,CommunicationLoss,AS2,True,2.9581656000619603,8.882165040137512,8,0.8915018981489843
919,InformationDelay,AS4,True,1.6514311500553884,5.917725828413029,6,0.9782690024035149
920,ActuatorFailure,AS5,True,3.2954020631219647,10.262485677056565,9,0.9108541751032618
921,AnalyticsFailure,AS3,False,3.906418377868788,11.384299903512481,10,0.9317356899742341
922,InformationDelay,AS4,True,1.9690468579952807,6.1001362992628145,6,0.8689280000000001
923,ModelDrift,AS3,True,4.74610564997942,13.581966925685952,11,0.9259079324790891
924,SensorNoise,AS1,True,0.7735382929108026,3.1233365219165785,5,0.99
925,InformationDelay,AS4,True,1.7682090226436677,5.8597788991292585,6,0.9781707574783676
926,SensorNoise,AS1,True,0.7334434447279808,3.429929963275118,5,0.99
927,ModelDrift,AS3,True,4.611919044737232,12.228359225179736,11,0.9233350416354453
928,ModelDrift,AS3,False,4.569607159329285,13.158401817245949,11,0.9173914375636755
929,SensorNoise,AS1,True,0.6548139268559271,3.2030597909367993,5,0.99
930,MissingData,AS1,True,1.6272394921499265,5.1596940506246955,5,0.901373861562101
931,PacketDelay,AS2,True,2.2425193042859934,6.8545742350386,7,0.926149464440467
932,SensorDrift,AS1,True,1.137097277850361,3.9962132817098523,6,0.9612173657105814
933,AnalyticsFailure,AS3,True,3.9987420456895575,11.336481731060715,10,0.9294794610702963
934,SensorDrift,AS1,True,1.314725415129388,4.09019090896968,6,0.9328911360000001
935,AnalyticsFailure,AS3,True,4.228260084191787,11.1840058567185,10,0.9278532317775854
936,SensorDrift,AS1,True,1.2644443598009059,4.7940543675651845,6,0.960909376439433
937,SensorDrift,AS1,True,1.3128360391947538,4.440608117420442,6,0.9607275011515464
938,CommunicationLoss,AS2,False,2.589600709348259,8.9033628000186,8,0.8909792962969653
939,SensorDrift,AS1,True,1.3185757766492265,4.546861203681183,6,0.9606454929847292
940,SensorNoise,AS1,True,0.7808100626443565,3.1935317237290524,5,0.99
941,ActuatorFailure,AS5,True,3.268858257683998,11.391618341297747,9,0.9132987246979941
942,CommunicationLoss,AS2,True,2.884073534749426,8.16085494041219,8,0.6017559243174605
943,SensorNoise,AS1,True,0.7403490220017848,3.35506475141232,5,0.99
944,PacketDelay,AS2,True,2.006729411052172,5.969764213192003,7,0.9269195715523737
945,PacketDelay,AS2,True,2.172054266051963,6.055337556959005,7,0.9276742711032852
946,MissingData,AS1,False,1.4453273436498013,5.054027043628993,5,0.8991478697374857
947,PacketDelay,AS2,True,2.041647245041835,6.13528863865936,7,0.9284139266865498
948,PacketDelay,AS2,True,2.046589083411695,6.315738482589236,7,0.9291389083395312
949,MissingData,AS1,True,1.6122905207299434,4.541722644593851,5,0.8976315488020368
950,SensorNoise,AS1,True,0.7909339918780909,3.5004324329797396,5,0.99
951,CommunicationLoss,AS2,True,2.953994763529083,8.124323127435142,8,0.8906839895237602
952,GatewayFailure,AS2,True,3.3575388446050702,9.080434389147205,9,0.973362238739154
953,CommunicationLoss,AS2,True,2.898463942733873,9.052953273083551,8,0.8905691696409862
954,AnalyticsFailure,AS3,True,4.4151358049783775,11.10404483434571,10,0.9267270298665129
955,AnalyticsFailure,AS3,True,4.12819177170776,12.235069504814824,10,0.925997008508595
956,CommunicationLoss,AS2,True,2.503940601554506,7.731910589883239,8,0.8905974122155212
957,SensorDrift,AS1,True,1.090135899465321,4.687098508669092,6,0.9606423786397519
958,SensorDrift,AS1,True,1.2142274536011028,4.367837614101006,6,0.9607014029118015
959,CommunicationLoss,AS2,True,2.5920914803166264,8.48191609514133,8,0.8264434438095241
960,SensorDrift,AS1,True,1.2398192308414338,4.213166349285081,6,0.9608091843449452
961,SensorDrift,AS1,True,1.2347486029471462,3.9850294746833455,6,0.9609550397836485
962,GatewayFailure,AS2,True,3.6106127155128003,10.095804820330589,9,0.9734266330965864
963,SensorDrift,AS1,True,1.184656442764424,4.186962153260683,6,0.9611304440406594
964,AnalyticsFailure,AS3,True,4.467355867478627,11.793149362655825,10,0.9255802155025282
965,SensorDrift,AS1,True,1.1190833358436605,4.0114891467139175,6,0.9463129088000002
966,CommunicationLoss,AS2,True,2.5031685926987834,7.6944596054946315,8,0.8907387993376344
967,CommunicationLoss,AS2,True,2.9225364954455526,8.012374133097973,8,0.8909694178484859
968,GatewayFailure,AS2,True,3.5879692330263975,9.927455656258415,9,0.973613101349064
969,SensorNoise,AS1,True,0.6616092459426954,3.466734814273639,5,0.99
970,GatewayFailure,AS2,True,3.51570251776052,10.26623495954094,9,0.9738904810792512
971,SensorDrift,AS1,True,1.2452031940743733,4.044333400653973,6,0.9570503270400001
972,GatewayFailure,AS2,True,2.9785124581335976,9.935978077629262,9,0.9742343360829133
973,InformationDelay,AS4,True,1.742512712862541,6.547053453976403,6,0.9781887798957376
974,ActuatorFailure,AS5,True,3.8387329594467587,11.649234823685324,9,0.9158241649435805
975,SensorDrift,AS1,True,1.3085988513093938,4.7045413797217925,6,0.9656402616320001
976,SensorDrift,AS1,True,1.272619267905891,4.327264706531409,6,0.9725122093056002
977,AnalyticsFailure,AS3,True,4.555664192248872,12.050434116293998,10,0.9254104089611624
978,MissingData,AS1,True,1.5951116109831736,5.3358291215278655,5,0.8966766676130581
979,CommunicationLoss,AS2,True,2.6147043699994073,8.59632655682213,8,0.8912701579347028
980,MissingData,AS1,True,1.416707354326653,5.30324705710487,5,0.8961648635022113
981,PacketDelay,AS2,True,1.9426445560763272,6.111888093166535,7,0.9298495882100866
982,SensorDrift,AS1,True,1.2681671335310738,4.028407061819357,6,0.9780097674444803
983,CommunicationLoss,AS2,True,2.4529591480346733,7.602898680076807,8,0.8916257520162114
984,AnalyticsFailure,AS3,True,3.8297827991398368,11.177791767557272,10,0.9254347101476534
985,ActuatorFailure,AS5,True,3.2473961256688546,10.11230791748476,9,0.8528456358790268
986,PacketDelay,AS2,True,2.1367932796366027,6.204032244115413,7,0.9305463372347359
987,CommunicationLoss,AS2,False,2.88676522212436,8.979044216183349,8,0.8909601760810543
988,SensorNoise,AS1,True,0.6711202563877395,3.300418714101087,5,0.99
989,SensorDrift,AS1,True,1.216856485727436,4.047213002452524,6,0.9824078139555843
990,InformationDelay,AS4,True,1.8776921882402682,6.611759196676663,6,0.9782957047676539
991,SensorDrift,AS1,True,1.0810389428858398,4.598307430199113,6,0.9859262511644675
992,PacketDelay,AS2,True,2.2475446602497815,6.566624465016509,7,0.9312295226179774
993,SensorNoise,AS1,True,0.7449877005362189,3.04083417310834,5,0.99
994,SensorDrift,AS1,True,1.181782043363346,4.412540882529674,6,0.988741000931574
995,CommunicationLoss,AS2,True,2.599711347123625,8.193737798422736,8,0.8905459186426212
996,SensorNoise,AS1,True,0.7000200659445022,3.160259031561816,5,0.99
997,CommunicationLoss,AS2,True,2.6966049112565087,8.059888842835717,8,0.8903314717562023
998,CommunicationLoss,AS2,True,2.801005141043191,8.812798790130968,8,0.8902756486091503
999,SensorDrift,AS1,True,1.3163909587658031,4.336606264160058,6,0.99
